participant_id,parameter,true_value
P000,omega_2,-5.790835017337812
P000,beta,2.302788086881733
P001,omega_2,-5.372752816630127
P001,beta,2.303144720065953
P002,omega_2,-6.824699507969234
P002,beta,2.702999489968273
P003,omega_2,-6.0502126742360725
P003,beta,2.730057550095358
P004,omega_2,-6.171650328545212
P004,beta,1.1697474404591555
