E0519 02:40:43.338016 1811440 numa_hwloc.cc:121] Call to hwloc_set_cpubind() failed: Invalid argument [22]
E0519 02:40:43.338178 1811441 numa_hwloc.cc:121] Call to hwloc_set_cpubind() failed: Invalid argument [22]
E0519 02:40:43.338236 1811442 numa_hwloc.cc:121] Call to hwloc_set_cpubind() failed: Invalid argument [22]
Finished tracing + transforming convert_element_type for pjit in 0.000299931 sec
Compiling jit(convert_element_type) with global shapes and types (ShapedArray(int64[]),). Argument mapping: (UnspecifiedValue,).
E0519 02:40:59.139553 1811625 numa_hwloc.cc:121] Call to hwloc_set_cpubind() failed: Invalid argument [22]
E0519 02:40:59.139650 1811624 numa_hwloc.cc:121] Call to hwloc_set_cpubind() failed: Invalid argument [22]
E0519 02:40:59.139689 1811623 numa_hwloc.cc:121] Call to hwloc_set_cpubind() failed: Invalid argument [22]
Finished jaxpr to MLIR module conversion jit(convert_element_type) in 0.163228512 sec
W0519 02:40:59.313383 1811452 pjrt_executable.cc:642] Assume version compatibility. PjRt-IFRT does not track XLA executable versions.
Persistent compilation cache hit for 'jit_convert_element_type' with key 'jit_convert_element_type-6326b69c4631667ddca64c51d32c41c3c664c84db60b2ccb8c1ba9e771ba6fe3'
Finished XLA compilation of jit(convert_element_type) in 0.036354065 sec
Finished tracing + transforming bitwise_and for pjit in 0.000458479 sec
Finished tracing + transforming _threefry_seed for pjit in 0.002026558 sec
Compiling jit(_threefry_seed) with global shapes and types (ShapedArray(int64[]),). Argument mapping: (UnspecifiedValue,).
Finished jaxpr to MLIR module conversion jit(_threefry_seed) in 0.013848543 sec
W0519 02:40:59.369106 1811452 pjrt_executable.cc:642] Assume version compatibility. PjRt-IFRT does not track XLA executable versions.
Persistent compilation cache hit for 'jit__threefry_seed' with key 'jit__threefry_seed-d5735172c9b89180afd99aabdea732b034a7c10cfad671ee2322b1e17db7d8c2'
Finished XLA compilation of jit(_threefry_seed) in 0.006350517 sec
Finished tracing + transforming convert_element_type for pjit in 0.000541449 sec
Compiling jit(convert_element_type) with global shapes and types (ShapedArray(float32[420,3]),). Argument mapping: (UnspecifiedValue,).
Finished jaxpr to MLIR module conversion jit(convert_element_type) in 0.003045797 sec
W0519 02:41:08.588071 1811452 pjrt_executable.cc:642] Assume version compatibility. PjRt-IFRT does not track XLA executable versions.
Persistent compilation cache hit for 'jit_convert_element_type' with key 'jit_convert_element_type-cfed3c309a149c2338c40009715cf8abc7698654700c397342711a34c657a193'
Finished XLA compilation of jit(convert_element_type) in 0.002044916 sec
Finished tracing + transforming convert_element_type for pjit in 0.000143051 sec
Compiling jit(convert_element_type) with global shapes and types (ShapedArray(int32[]),). Argument mapping: (UnspecifiedValue,).
Finished jaxpr to MLIR module conversion jit(convert_element_type) in 0.001863480 sec
W0519 02:41:08.593177 1811452 pjrt_executable.cc:642] Assume version compatibility. PjRt-IFRT does not track XLA executable versions.
Persistent compilation cache hit for 'jit_convert_element_type' with key 'jit_convert_element_type-f9d69c9367022238aec82ff3a2ad82c9b21884531863e41c6648d89cd11cb4ab'
Finished XLA compilation of jit(convert_element_type) in 0.001709700 sec
Finished tracing + transforming bitwise_and for pjit in 0.000253677 sec
Finished tracing + transforming _threefry_seed for pjit in 0.001559258 sec
Compiling jit(_threefry_seed) with global shapes and types (ShapedArray(int32[]),). Argument mapping: (UnspecifiedValue,).
Finished jaxpr to MLIR module conversion jit(_threefry_seed) in 0.003147125 sec
W0519 02:41:08.600515 1811452 pjrt_executable.cc:642] Assume version compatibility. PjRt-IFRT does not track XLA executable versions.
Persistent compilation cache hit for 'jit__threefry_seed' with key 'jit__threefry_seed-9e77d4e35ee82d891491697676eff5169b20b5c562798a449ae342d9bce5ec4b'
Finished XLA compilation of jit(_threefry_seed) in 0.001925707 sec
Finished tracing + transforming convert_element_type for pjit in 0.000184536 sec
Compiling jit(convert_element_type) with global shapes and types (ShapedArray(float32[30]),). Argument mapping: (UnspecifiedValue,).
Finished jaxpr to MLIR module conversion jit(convert_element_type) in 0.001917124 sec
W0519 02:41:08.641406 1811452 pjrt_executable.cc:642] Assume version compatibility. PjRt-IFRT does not track XLA executable versions.
Persistent compilation cache hit for 'jit_convert_element_type' with key 'jit_convert_element_type-7301c8806f7adc941794f05e31227910fc0a1ebfa4031b895a071df8f2d27514'
Finished XLA compilation of jit(convert_element_type) in 0.001863956 sec
Finished tracing + transforming broadcast_in_dim for pjit in 0.000163555 sec
Compiling jit(broadcast_in_dim) with global shapes and types (ShapedArray(float32[420,3]),). Argument mapping: (UnspecifiedValue,).
Finished jaxpr to MLIR module conversion jit(broadcast_in_dim) in 0.002591133 sec
W0519 02:41:08.647634 1811452 pjrt_executable.cc:642] Assume version compatibility. PjRt-IFRT does not track XLA executable versions.
Persistent compilation cache hit for 'jit_broadcast_in_dim' with key 'jit_broadcast_in_dim-01dc5faef3d7dd2fead3cdd80eb2a39a8b0fdf0734a593c46625396d60827327'
Finished XLA compilation of jit(broadcast_in_dim) in 0.001749039 sec
Finished tracing + transforming concatenate for pjit in 0.000214815 sec
Compiling jit(concatenate) with global shapes and types (ShapedArray(float32[1,420,3]), ShapedArray(float32[1,420,3]), ShapedArray(float32[1,420,3]), ShapedArray(float32[1,420,3]), ShapedArray(float32[1,420,3]), ShapedArray(float32[1,420,3]), ShapedArray(float32[1,420,3]), ShapedArray(float32[1,420,3]), ShapedArray(float32[1,420,3]), ShapedArray(float32[1,420,3]), ShapedArray(float32[1,420,3]), ShapedArray(float32[1,420,3]), ShapedArray(float32[1,420,3]), ShapedArray(float32[1,420,3]), ShapedArray(float32[1,420,3]), ShapedArray(float32[1,420,3])). Argument mapping: (UnspecifiedValue, UnspecifiedValue, UnspecifiedValue, UnspecifiedValue, UnspecifiedValue, UnspecifiedValue, UnspecifiedValue, UnspecifiedValue, UnspecifiedValue, UnspecifiedValue, UnspecifiedValue, UnspecifiedValue, UnspecifiedValue, UnspecifiedValue, UnspecifiedValue, UnspecifiedValue).
Finished jaxpr to MLIR module conversion jit(concatenate) in 0.002761841 sec
W0519 02:41:08.655100 1811452 pjrt_executable.cc:642] Assume version compatibility. PjRt-IFRT does not track XLA executable versions.
Persistent compilation cache hit for 'jit_concatenate' with key 'jit_concatenate-4999d841dc1742839fc399bb5903336078aad195bac2ef869f8526f3b21dd381'
Finished XLA compilation of jit(concatenate) in 0.002275467 sec
Finished tracing + transforming concatenate for pjit in 0.000216722 sec
Compiling jit(concatenate) with global shapes and types (ShapedArray(float32[1,420,3]), ShapedArray(float32[1,420,3]), ShapedArray(float32[1,420,3]), ShapedArray(float32[1,420,3]), ShapedArray(float32[1,420,3]), ShapedArray(float32[1,420,3]), ShapedArray(float32[1,420,3]), ShapedArray(float32[1,420,3]), ShapedArray(float32[1,420,3]), ShapedArray(float32[1,420,3]), ShapedArray(float32[1,420,3]), ShapedArray(float32[1,420,3]), ShapedArray(float32[1,420,3]), ShapedArray(float32[1,420,3])). Argument mapping: (UnspecifiedValue, UnspecifiedValue, UnspecifiedValue, UnspecifiedValue, UnspecifiedValue, UnspecifiedValue, UnspecifiedValue, UnspecifiedValue, UnspecifiedValue, UnspecifiedValue, UnspecifiedValue, UnspecifiedValue, UnspecifiedValue, UnspecifiedValue).
Finished jaxpr to MLIR module conversion jit(concatenate) in 0.002490759 sec
W0519 02:41:08.661375 1811452 pjrt_executable.cc:642] Assume version compatibility. PjRt-IFRT does not track XLA executable versions.
Persistent compilation cache hit for 'jit_concatenate' with key 'jit_concatenate-507ad85fb204dce58ab13e381a51a88146c032785ad5dcad3a0cff8a5075ef71'
Finished XLA compilation of jit(concatenate) in 0.002228737 sec
Finished tracing + transforming concatenate for pjit in 0.000155210 sec
Compiling jit(concatenate) with global shapes and types (ShapedArray(float32[16,420,3]), ShapedArray(float32[14,420,3])). Argument mapping: (UnspecifiedValue, UnspecifiedValue).
Finished jaxpr to MLIR module conversion jit(concatenate) in 0.002330542 sec
W0519 02:41:08.666862 1811452 pjrt_executable.cc:642] Assume version compatibility. PjRt-IFRT does not track XLA executable versions.
Persistent compilation cache hit for 'jit_concatenate' with key 'jit_concatenate-fafcffdd4066bd07fe860144621cb29e128da8b663fe5266050937887f9443a2'
Finished XLA compilation of jit(concatenate) in 0.001734972 sec
Finished tracing + transforming broadcast_in_dim for pjit in 0.000154734 sec
Compiling jit(broadcast_in_dim) with global shapes and types (ShapedArray(uint32[2]),). Argument mapping: (UnspecifiedValue,).
Finished jaxpr to MLIR module conversion jit(broadcast_in_dim) in 0.002402782 sec
W0519 02:41:08.672503 1811452 pjrt_executable.cc:642] Assume version compatibility. PjRt-IFRT does not track XLA executable versions.
Persistent compilation cache hit for 'jit_broadcast_in_dim' with key 'jit_broadcast_in_dim-c8ab47c633549e8e906b6c32f8c3f00000eba9eceb4c09a7ea063a717f482aff'
Finished XLA compilation of jit(broadcast_in_dim) in 0.001993179 sec
Finished tracing + transforming concatenate for pjit in 0.000208139 sec
Compiling jit(concatenate) with global shapes and types (ShapedArray(uint32[1,2]), ShapedArray(uint32[1,2]), ShapedArray(uint32[1,2]), ShapedArray(uint32[1,2]), ShapedArray(uint32[1,2]), ShapedArray(uint32[1,2]), ShapedArray(uint32[1,2]), ShapedArray(uint32[1,2]), ShapedArray(uint32[1,2]), ShapedArray(uint32[1,2]), ShapedArray(uint32[1,2]), ShapedArray(uint32[1,2]), ShapedArray(uint32[1,2]), ShapedArray(uint32[1,2]), ShapedArray(uint32[1,2]), ShapedArray(uint32[1,2])). Argument mapping: (UnspecifiedValue, UnspecifiedValue, UnspecifiedValue, UnspecifiedValue, UnspecifiedValue, UnspecifiedValue, UnspecifiedValue, UnspecifiedValue, UnspecifiedValue, UnspecifiedValue, UnspecifiedValue, UnspecifiedValue, UnspecifiedValue, UnspecifiedValue, UnspecifiedValue, UnspecifiedValue).
Finished jaxpr to MLIR module conversion jit(concatenate) in 0.002568483 sec
W0519 02:41:08.679988 1811452 pjrt_executable.cc:642] Assume version compatibility. PjRt-IFRT does not track XLA executable versions.
Persistent compilation cache hit for 'jit_concatenate' with key 'jit_concatenate-e04f352728e7a3baa61addc0d06d0e95f4287f4abd353aafa32f5d9f5fbcb15f'
Finished XLA compilation of jit(concatenate) in 0.002647400 sec
Finished tracing + transforming concatenate for pjit in 0.000204802 sec
Compiling jit(concatenate) with global shapes and types (ShapedArray(uint32[1,2]), ShapedArray(uint32[1,2]), ShapedArray(uint32[1,2]), ShapedArray(uint32[1,2]), ShapedArray(uint32[1,2]), ShapedArray(uint32[1,2]), ShapedArray(uint32[1,2]), ShapedArray(uint32[1,2]), ShapedArray(uint32[1,2]), ShapedArray(uint32[1,2]), ShapedArray(uint32[1,2]), ShapedArray(uint32[1,2]), ShapedArray(uint32[1,2]), ShapedArray(uint32[1,2])). Argument mapping: (UnspecifiedValue, UnspecifiedValue, UnspecifiedValue, UnspecifiedValue, UnspecifiedValue, UnspecifiedValue, UnspecifiedValue, UnspecifiedValue, UnspecifiedValue, UnspecifiedValue, UnspecifiedValue, UnspecifiedValue, UnspecifiedValue, UnspecifiedValue).
Finished jaxpr to MLIR module conversion jit(concatenate) in 0.002414703 sec
W0519 02:41:08.685953 1811452 pjrt_executable.cc:642] Assume version compatibility. PjRt-IFRT does not track XLA executable versions.
Persistent compilation cache hit for 'jit_concatenate' with key 'jit_concatenate-c14b731a4b876ea848eceeccd85bc5d0f62925518edb955708d4818f1d16977a'
Finished XLA compilation of jit(concatenate) in 0.002102137 sec
Finished tracing + transforming concatenate for pjit in 0.000228405 sec
Compiling jit(concatenate) with global shapes and types (ShapedArray(uint32[16,2]), ShapedArray(uint32[14,2])). Argument mapping: (UnspecifiedValue, UnspecifiedValue).
Finished jaxpr to MLIR module conversion jit(concatenate) in 0.002287865 sec
W0519 02:41:08.691492 1811452 pjrt_executable.cc:642] Assume version compatibility. PjRt-IFRT does not track XLA executable versions.
Persistent compilation cache hit for 'jit_concatenate' with key 'jit_concatenate-dd280a0a4d861ecdeb572a84a296affef70a087d4a84d336ca9b70d4da33e4b6'
Finished XLA compilation of jit(concatenate) in 0.001830578 sec
Finished tracing + transforming convert_element_type for pjit in 0.000136614 sec
Compiling jit(convert_element_type) with global shapes and types (ShapedArray(float32[1]),). Argument mapping: (UnspecifiedValue,).
Finished jaxpr to MLIR module conversion jit(convert_element_type) in 0.002092123 sec
W0519 02:41:08.696442 1811452 pjrt_executable.cc:642] Assume version compatibility. PjRt-IFRT does not track XLA executable versions.
Persistent compilation cache hit for 'jit_convert_element_type' with key 'jit_convert_element_type-7e390ee92e96c089c59bc8951c3ce53458a16b77f4c06165fe429415026572ed'
Finished XLA compilation of jit(convert_element_type) in 0.001596451 sec
Finished tracing + transforming concatenate for pjit in 0.000135660 sec
Compiling jit(concatenate) with global shapes and types (ShapedArray(float32[1]), ShapedArray(float32[1])). Argument mapping: (UnspecifiedValue, UnspecifiedValue).
Finished jaxpr to MLIR module conversion jit(concatenate) in 0.002377510 sec
W0519 02:41:08.702817 1811452 pjrt_executable.cc:642] Assume version compatibility. PjRt-IFRT does not track XLA executable versions.
Persistent compilation cache hit for 'jit_concatenate' with key 'jit_concatenate-f9daa22686122d5827c5a3b8eb7056654b838e911d43ec7fcb0f91abeaf05e18'
Finished XLA compilation of jit(concatenate) in 0.001853704 sec
Finished tracing + transforming concatenate for pjit in 0.000154972 sec
Compiling jit(concatenate) with global shapes and types (ShapedArray(float32[2]), ShapedArray(float32[1])). Argument mapping: (UnspecifiedValue, UnspecifiedValue).
Finished jaxpr to MLIR module conversion jit(concatenate) in 0.002839804 sec
W0519 02:41:08.708817 1811452 pjrt_executable.cc:642] Assume version compatibility. PjRt-IFRT does not track XLA executable versions.
Persistent compilation cache hit for 'jit_concatenate' with key 'jit_concatenate-abacf0adf69c884a9c69c6a3ad48b36947f1241ede551df8a0b7fdd98817ca05'
Finished XLA compilation of jit(concatenate) in 0.001822233 sec
Finished tracing + transforming true_divide for pjit in 0.000278473 sec
Finished tracing + transforming multiply for pjit in 0.000165224 sec
Finished tracing + transforming multiply for pjit in 0.000191212 sec
Finished tracing + transforming add for pjit in 0.000164270 sec
Finished tracing + transforming predict_mean for pjit in 0.001310825 sec
Finished tracing + transforming exp for pjit in 0.000215054 sec
Finished tracing + transforming greater for pjit in 0.000194550 sec
Finished tracing + transforming _broadcast_arrays for pjit in 0.000059843 sec
Finished tracing + transforming _where for pjit in 0.000402927 sec
Finished tracing + transforming true_divide for pjit in 0.000222921 sec
Finished tracing + transforming multiply for pjit in 0.000117540 sec
Finished tracing + transforming predict_precision for pjit in 0.002407551 sec
Finished tracing + transforming continuous_node_prediction for pjit in 0.006012917 sec
Finished tracing + transforming predict_mean for pjit in 0.000356436 sec
Finished tracing + transforming exp for pjit in 0.000121355 sec
Finished tracing + transforming predict_precision for pjit in 0.001062155 sec
Finished tracing + transforming continuous_node_prediction for pjit in 0.003236055 sec
Finished tracing + transforming predict_mean for pjit in 0.000349283 sec
Finished tracing + transforming predict_precision for pjit in 0.000699043 sec
Finished tracing + transforming continuous_node_prediction for pjit in 0.002851486 sec
Finished tracing + transforming predict_mean for pjit in 0.000348330 sec
Finished tracing + transforming predict_precision for pjit in 0.000665426 sec
Finished tracing + transforming continuous_node_prediction for pjit in 0.002827168 sec
Finished tracing + transforming sigmoid for pjit in 0.000122786 sec
Finished tracing + transforming subtract for pjit in 0.000194073 sec
Finished tracing + transforming binary_state_node_prediction for pjit in 0.001176119 sec
Finished tracing + transforming binary_state_node_prediction for pjit in 0.000593662 sec
Finished tracing + transforming binary_state_node_prediction for pjit in 0.000582695 sec
Finished tracing + transforming _squeeze for pjit in 0.000138760 sec
Finished tracing + transforming set_observation for pjit in 0.000370741 sec
Finished tracing + transforming set_observation for pjit in 0.000354052 sec
Finished tracing + transforming set_observation for pjit in 0.000352859 sec
Finished tracing + transforming subtract for pjit in 0.000120878 sec
Finished tracing + transforming multiply for pjit in 0.000179529 sec
Finished tracing + transforming true_divide for pjit in 0.000109434 sec
Finished tracing + transforming binary_state_node_prediction_error for pjit in 0.001373291 sec
Finished tracing + transforming binary_state_node_prediction_error for pjit in 0.000587940 sec
Finished tracing + transforming binary_state_node_prediction_error for pjit in 0.000528574 sec
Finished tracing + transforming _reduce_any for pjit in 0.000359535 sec
Finished tracing + transforming multiply for pjit in 0.000151873 sec
Finished tracing + transforming subtract for pjit in 0.000145674 sec
Finished tracing + transforming add for pjit in 0.000105381 sec
Finished tracing + transforming precision_update for pjit in 0.001642942 sec
Finished tracing + transforming precision_update_missing_values for pjit in 0.001008511 sec
Finished tracing + transforming posterior_update_precision_continuous_node for pjit in 0.006348133 sec
Finished tracing + transforming add for pjit in 0.000141144 sec
Finished tracing + transforming posterior_update_mean_continuous_node for pjit in 0.000849247 sec
Finished tracing + transforming continuous_node_posterior_update for pjit in 0.008912325 sec
Finished tracing + transforming precision_update for pjit in 0.000779867 sec
Finished tracing + transforming precision_update_missing_values for pjit in 0.000611305 sec
Finished tracing + transforming posterior_update_precision_continuous_node for pjit in 0.004320145 sec
Finished tracing + transforming posterior_update_mean_continuous_node for pjit in 0.000564575 sec
Finished tracing + transforming continuous_node_posterior_update for pjit in 0.006601572 sec
Finished tracing + transforming continuous_node_value_prediction_error for pjit in 0.000420570 sec
Finished tracing + transforming true_divide for pjit in 0.000156879 sec
Finished tracing + transforming continuous_node_volatility_prediction_error for pjit in 0.000973940 sec
Finished tracing + transforming continuous_node_prediction_error for pjit in 0.003697634 sec
Finished tracing + transforming continuous_node_value_prediction_error for pjit in 0.000411272 sec
Finished tracing + transforming continuous_node_volatility_prediction_error for pjit in 0.000686884 sec
Finished tracing + transforming continuous_node_prediction_error for pjit in 0.003866911 sec
Finished tracing + transforming precision_update for pjit in 0.000708580 sec
Finished tracing + transforming precision_update_missing_values for pjit in 0.000516415 sec
Finished tracing + transforming posterior_update_precision_continuous_node for pjit in 0.004560471 sec
Finished tracing + transforming posterior_update_mean_continuous_node for pjit in 0.000550032 sec
Finished tracing + transforming continuous_node_posterior_update for pjit in 0.006816149 sec
Finished tracing + transforming continuous_node_value_prediction_error for pjit in 0.000419855 sec
Finished tracing + transforming continuous_node_volatility_prediction_error for pjit in 0.000664473 sec
Finished tracing + transforming continuous_node_prediction_error for pjit in 0.003380537 sec
Finished tracing + transforming multiply for pjit in 0.000164032 sec
Finished tracing + transforming posterior_update_mean_continuous_node for pjit in 0.001837969 sec
Finished tracing + transforming _reduce_any for pjit in 0.000279665 sec
Finished tracing + transforming multiply for pjit in 0.000129938 sec
Finished tracing + transforming precision_update for pjit in 0.002315998 sec
Finished tracing + transforming precision_update_missing_values for pjit in 0.000430822 sec
Finished tracing + transforming posterior_update_precision_continuous_node for pjit in 0.006420374 sec
Finished tracing + transforming continuous_node_posterior_update_ehgf for pjit in 0.010061026 sec
Finished tracing + transforming beliefs_propagation for pjit in 0.086209059 sec
Finished tracing + transforming convert_element_type for pjit in 0.000112295 sec
Compiling jit(convert_element_type) with global shapes and types (ShapedArray(float32[]),). Argument mapping: (UnspecifiedValue,).
Finished jaxpr to MLIR module conversion jit(convert_element_type) in 0.002697706 sec
W0519 02:41:08.803920 1811452 pjrt_executable.cc:642] Assume version compatibility. PjRt-IFRT does not track XLA executable versions.
Persistent compilation cache hit for 'jit_convert_element_type' with key 'jit_convert_element_type-3a468f3d42d896bb36e7a92707490bfc756d181cfb57eb02b187f539f850d5fd'
Finished XLA compilation of jit(convert_element_type) in 0.002406359 sec
Finished tracing + transforming predict_mean for pjit in 0.000350952 sec
Finished tracing + transforming predict_precision for pjit in 0.000563383 sec
Finished tracing + transforming continuous_node_prediction for pjit in 0.002738953 sec
Finished tracing + transforming predict_mean for pjit in 0.000285625 sec
Finished tracing + transforming predict_precision for pjit in 0.000727177 sec
Finished tracing + transforming continuous_node_prediction for pjit in 0.002784967 sec
Finished tracing + transforming predict_mean for pjit in 0.000276566 sec
Finished tracing + transforming predict_precision for pjit in 0.000733137 sec
Finished tracing + transforming continuous_node_prediction for pjit in 0.002972603 sec
Finished tracing + transforming predict_mean for pjit in 0.000282288 sec
Finished tracing + transforming predict_precision for pjit in 0.000736952 sec
Finished tracing + transforming continuous_node_prediction for pjit in 0.002848148 sec
Finished tracing + transforming binary_state_node_prediction for pjit in 0.000658512 sec
Finished tracing + transforming binary_state_node_prediction for pjit in 0.000637531 sec
Finished tracing + transforming binary_state_node_prediction for pjit in 0.000632524 sec
Finished tracing + transforming set_observation for pjit in 0.000419855 sec
Finished tracing + transforming set_observation for pjit in 0.000874996 sec
Finished tracing + transforming set_observation for pjit in 0.000422001 sec
Finished tracing + transforming beliefs_propagation for pjit in 0.029207468 sec
Finished tracing + transforming scan for pjit in 0.001230240 sec
Compiling jit(scan) with global shapes and types (ShapedArray(float32[], weak_type=True), ShapedArray(float32[], weak_type=True), ShapedArray(float32[], weak_type=True), ShapedArray(float32[]), ShapedArray(int32[], weak_type=True), ShapedArray(float32[], weak_type=True), ShapedArray(float32[], weak_type=True), ShapedArray(float32[1]), ShapedArray(float32[], weak_type=True), ShapedArray(float32[], weak_type=True), ShapedArray(float32[], weak_type=True), ShapedArray(float32[], weak_type=True), ShapedArray(int32[], weak_type=True), ShapedArray(float32[], weak_type=True), ShapedArray(float32[], weak_type=True), ShapedArray(float32[], weak_type=True), ShapedArray(float32[], weak_type=True), ShapedArray(float32[], weak_type=True), ShapedArray(float32[], weak_type=True), ShapedArray(float32[], weak_type=True), ShapedArray(float32[1]), ShapedArray(float32[1]), ShapedArray(float32[], weak_type=True), ShapedArray(float32[], weak_type=True), ShapedArray(float32[]), ShapedArray(int32[], weak_type=True), ShapedArray(float32[], weak_type=True), ShapedArray(float32[], weak_type=True), ShapedArray(float32[1]), ShapedArray(float32[], weak_type=True), ShapedArray(float32[], weak_type=True), ShapedArray(float32[], weak_type=True), ShapedArray(float32[], weak_type=True), ShapedArray(int32[], weak_type=True), ShapedArray(float32[], weak_type=True), ShapedArray(float32[], weak_type=True), ShapedArray(float32[], weak_type=True), ShapedArray(float32[], weak_type=True), ShapedArray(float32[], weak_type=True), ShapedArray(float32[], weak_type=True), ShapedArray(float32[], weak_type=True), ShapedArray(float32[1]), ShapedArray(float32[1]), ShapedArray(float32[], weak_type=True), ShapedArray(float32[], weak_type=True), ShapedArray(float32[]), ShapedArray(int32[], weak_type=True), ShapedArray(float32[], weak_type=True), ShapedArray(float32[], weak_type=True), ShapedArray(float32[1]), ShapedArray(float32[], weak_type=True), ShapedArray(float32[], weak_type=True), ShapedArray(float32[], weak_type=True), ShapedArray(float32[], weak_type=True), ShapedArray(int32[], weak_type=True), ShapedArray(float32[], weak_type=True), ShapedArray(float32[], weak_type=True), ShapedArray(float32[], weak_type=True), ShapedArray(float32[], weak_type=True), ShapedArray(float32[], weak_type=True), ShapedArray(float32[], weak_type=True), ShapedArray(float32[], weak_type=True), ShapedArray(float32[1]), ShapedArray(float32[1]), ShapedArray(float32[], weak_type=True), ShapedArray(float32[], weak_type=True), ShapedArray(float32[], weak_type=True), ShapedArray(float32[], weak_type=True), ShapedArray(int32[], weak_type=True), ShapedArray(float32[], weak_type=True), ShapedArray(float32[], weak_type=True), ShapedArray(float32[], weak_type=True), ShapedArray(float32[], weak_type=True), ShapedArray(float32[], weak_type=True), ShapedArray(float32[], weak_type=True), ShapedArray(float32[], weak_type=True), ShapedArray(float32[3]), ShapedArray(float32[1,1]), ShapedArray(float32[1,1]), ShapedArray(float32[1,1]), ShapedArray(int32[1]), ShapedArray(int32[1]), ShapedArray(int32[1]), ShapedArray(float32[1])). Argument mapping: (UnspecifiedValue, UnspecifiedValue, UnspecifiedValue, UnspecifiedValue, UnspecifiedValue, UnspecifiedValue, UnspecifiedValue, UnspecifiedValue, UnspecifiedValue, UnspecifiedValue, UnspecifiedValue, UnspecifiedValue, UnspecifiedValue, UnspecifiedValue, UnspecifiedValue, UnspecifiedValue, UnspecifiedValue, UnspecifiedValue, UnspecifiedValue, UnspecifiedValue, UnspecifiedValue, UnspecifiedValue, UnspecifiedValue, UnspecifiedValue, UnspecifiedValue, UnspecifiedValue, UnspecifiedValue, UnspecifiedValue, UnspecifiedValue, UnspecifiedValue, UnspecifiedValue, UnspecifiedValue, UnspecifiedValue, UnspecifiedValue, UnspecifiedValue, UnspecifiedValue, UnspecifiedValue, UnspecifiedValue, UnspecifiedValue, UnspecifiedValue, UnspecifiedValue, UnspecifiedValue, UnspecifiedValue, UnspecifiedValue, UnspecifiedValue, UnspecifiedValue, UnspecifiedValue, UnspecifiedValue, UnspecifiedValue, UnspecifiedValue, UnspecifiedValue, UnspecifiedValue, UnspecifiedValue, UnspecifiedValue, UnspecifiedValue, UnspecifiedValue, UnspecifiedValue, UnspecifiedValue, UnspecifiedValue, UnspecifiedValue, UnspecifiedValue, UnspecifiedValue, UnspecifiedValue, UnspecifiedValue, UnspecifiedValue, UnspecifiedValue, UnspecifiedValue, UnspecifiedValue, UnspecifiedValue, UnspecifiedValue, UnspecifiedValue, UnspecifiedValue, UnspecifiedValue, UnspecifiedValue, UnspecifiedValue, UnspecifiedValue, UnspecifiedValue, UnspecifiedValue, UnspecifiedValue, UnspecifiedValue, UnspecifiedValue, UnspecifiedValue, UnspecifiedValue, UnspecifiedValue).
Finished tracing + transforming less for pjit in 0.000280857 sec
Finished tracing + transforming add for pjit in 0.000404596 sec
Finished jaxpr to MLIR module conversion jit(scan) in 0.207262993 sec
W0519 02:41:09.061502 1811452 pjrt_executable.cc:642] Assume version compatibility. PjRt-IFRT does not track XLA executable versions.
Persistent compilation cache hit for 'jit_scan' with key 'jit_scan-495b07415cadde0b95825e352fa337db72f4413101312235f2184f30a010e23a'
Finished XLA compilation of jit(scan) in 0.018287420 sec
Finished tracing + transforming broadcast_in_dim for pjit in 0.000175714 sec
Compiling jit(broadcast_in_dim) with global shapes and types (ShapedArray(float32[30]),). Argument mapping: (UnspecifiedValue,).
Finished jaxpr to MLIR module conversion jit(broadcast_in_dim) in 0.002390623 sec
W0519 02:41:09.086618 1811452 pjrt_executable.cc:642] Assume version compatibility. PjRt-IFRT does not track XLA executable versions.
Persistent compilation cache hit for 'jit_broadcast_in_dim' with key 'jit_broadcast_in_dim-6936dc0bd64ae479feae7cdcfee26db03e3cd0dea3885af37d337d14ef562d7b'
Finished XLA compilation of jit(broadcast_in_dim) in 0.001791477 sec
Finished tracing + transforming concatenate for pjit in 0.000156164 sec
Compiling jit(concatenate) with global shapes and types (ShapedArray(float32[30,1]), ShapedArray(float32[30,1]), ShapedArray(float32[30,1])). Argument mapping: (UnspecifiedValue, UnspecifiedValue, UnspecifiedValue).
Finished jaxpr to MLIR module conversion jit(concatenate) in 0.002079010 sec
W0519 02:41:09.092216 1811452 pjrt_executable.cc:642] Assume version compatibility. PjRt-IFRT does not track XLA executable versions.
Persistent compilation cache hit for 'jit_concatenate' with key 'jit_concatenate-78be980b9419a8a67e983d2f6cb02cec92b3294d45b96c132a007cbf3955e8a6'
Finished XLA compilation of jit(concatenate) in 0.001835108 sec
Finished tracing + transforming equal for pjit in 0.000249386 sec
Finished tracing + transforming multiply for pjit in 0.000159502 sec
Finished tracing + transforming add for pjit in 0.000147343 sec
Finished tracing + transforming subtract for pjit in 0.000136614 sec
Finished tracing + transforming subtract for pjit in 0.000213623 sec
Finished tracing + transforming multiply for pjit in 0.000135899 sec
Finished tracing + transforming add for pjit in 0.000134945 sec
Finished tracing + transforming _uniform for pjit in 0.001950264 sec
Finished tracing + transforming log for pjit in 0.000125170 sec
Finished tracing + transforming negative for pjit in 0.000146866 sec
Finished tracing + transforming _gumbel for pjit in 0.002922297 sec
Finished tracing + transforming _argmax for pjit in 0.000105858 sec
Finished tracing + transforming less for pjit in 0.000158072 sec
Finished tracing + transforming add for pjit in 0.000140429 sec
Finished tracing + transforming _uniform for pjit in 0.000705719 sec
Finished tracing + transforming less for pjit in 0.000133276 sec
Finished tracing + transforming _bernoulli for pjit in 0.001369715 sec
Finished tracing + transforming equal for pjit in 0.000146866 sec
Finished tracing + transforming _where for pjit in 0.000141382 sec
Finished tracing + transforming predict_mean for pjit in 0.000279427 sec
Finished tracing + transforming predict_precision for pjit in 0.000608206 sec
Finished tracing + transforming continuous_node_prediction for pjit in 0.002776384 sec
Finished tracing + transforming predict_mean for pjit in 0.000288963 sec
Finished tracing + transforming predict_precision for pjit in 0.000735521 sec
Finished tracing + transforming continuous_node_prediction for pjit in 0.002934217 sec
Finished tracing + transforming predict_mean for pjit in 0.000288963 sec
Finished tracing + transforming predict_precision for pjit in 0.000743389 sec
Finished tracing + transforming continuous_node_prediction for pjit in 0.002884150 sec
Finished tracing + transforming predict_mean for pjit in 0.000285149 sec
Finished tracing + transforming predict_precision for pjit in 0.001334429 sec
Finished tracing + transforming continuous_node_prediction for pjit in 0.003446341 sec
Finished tracing + transforming binary_state_node_prediction for pjit in 0.000664949 sec
Finished tracing + transforming binary_state_node_prediction for pjit in 0.000638485 sec
Finished tracing + transforming binary_state_node_prediction for pjit in 0.000653028 sec
Finished tracing + transforming set_observation for pjit in 0.000427723 sec
Finished tracing + transforming set_observation for pjit in 0.000408173 sec
Finished tracing + transforming set_observation for pjit in 0.000412464 sec
Finished tracing + transforming binary_state_node_prediction_error for pjit in 0.000577688 sec
Finished tracing + transforming binary_state_node_prediction_error for pjit in 0.000575542 sec
Finished tracing + transforming binary_state_node_prediction_error for pjit in 0.000522137 sec
Finished tracing + transforming _reduce_any for pjit in 0.000262737 sec
Finished tracing + transforming precision_update for pjit in 0.000707150 sec
Finished tracing + transforming precision_update_missing_values for pjit in 0.000578165 sec
Finished tracing + transforming posterior_update_precision_continuous_node for pjit in 0.005115986 sec
Finished tracing + transforming posterior_update_mean_continuous_node for pjit in 0.000552416 sec
Finished tracing + transforming continuous_node_posterior_update for pjit in 0.007349730 sec
Finished tracing + transforming precision_update for pjit in 0.000735044 sec
Finished tracing + transforming precision_update_missing_values for pjit in 0.000607491 sec
Finished tracing + transforming posterior_update_precision_continuous_node for pjit in 0.004194498 sec
Finished tracing + transforming posterior_update_mean_continuous_node for pjit in 0.000550270 sec
Finished tracing + transforming continuous_node_posterior_update for pjit in 0.006384373 sec
Finished tracing + transforming continuous_node_value_prediction_error for pjit in 0.000412941 sec
Finished tracing + transforming continuous_node_volatility_prediction_error for pjit in 0.000665188 sec
Finished tracing + transforming continuous_node_prediction_error for pjit in 0.003280401 sec
Finished tracing + transforming continuous_node_value_prediction_error for pjit in 0.000409603 sec
Finished tracing + transforming continuous_node_volatility_prediction_error for pjit in 0.000669003 sec
Finished tracing + transforming continuous_node_prediction_error for pjit in 0.003409624 sec
Finished tracing + transforming precision_update for pjit in 0.000684500 sec
Finished tracing + transforming precision_update_missing_values for pjit in 0.000522852 sec
Finished tracing + transforming posterior_update_precision_continuous_node for pjit in 0.004170418 sec
Finished tracing + transforming posterior_update_mean_continuous_node for pjit in 0.000548840 sec
Finished tracing + transforming continuous_node_posterior_update for pjit in 0.006889105 sec
Finished tracing + transforming continuous_node_value_prediction_error for pjit in 0.000401497 sec
Finished tracing + transforming continuous_node_volatility_prediction_error for pjit in 0.000673532 sec
Finished tracing + transforming continuous_node_prediction_error for pjit in 0.003368378 sec
Finished tracing + transforming posterior_update_mean_continuous_node for pjit in 0.001304150 sec
Finished tracing + transforming precision_update for pjit in 0.001979828 sec
Finished tracing + transforming precision_update_missing_values for pjit in 0.000471115 sec
Finished tracing + transforming posterior_update_precision_continuous_node for pjit in 0.005586386 sec
Finished tracing + transforming continuous_node_posterior_update_ehgf for pjit in 0.008670330 sec
Finished tracing + transforming beliefs_propagation for pjit in 0.076427937 sec
Finished tracing + transforming isfinite for pjit in 0.000132561 sec
Finished tracing + transforming _reduce_all for pjit in 0.000955105 sec
Finished tracing + transforming isfinite for pjit in 0.000108242 sec
Finished tracing + transforming _reduce_all for pjit in 0.000215530 sec
Finished tracing + transforming isfinite for pjit in 0.000577211 sec
Finished tracing + transforming _reduce_all for pjit in 0.000228882 sec
Finished tracing + transforming isfinite for pjit in 0.000158548 sec
Finished tracing + transforming isfinite for pjit in 0.000110149 sec
Finished tracing + transforming _reduce_all for pjit in 0.000227690 sec
Finished tracing + transforming _reduce_all for pjit in 0.000227213 sec
Finished tracing + transforming absolute for pjit in 0.000128508 sec
Finished tracing + transforming abs for pjit in 0.000327826 sec
Finished tracing + transforming less for pjit in 0.000180006 sec
Finished tracing + transforming bitwise_and for pjit in 0.000148296 sec
Finished tracing + transforming _where for pjit in 0.000261307 sec
Finished tracing + transforming _broadcast_arrays for pjit in 0.000054836 sec
Finished tracing + transforming _where for pjit in 0.000350237 sec
Finished tracing + transforming _broadcast_arrays for pjit in 0.000047922 sec
Finished tracing + transforming _where for pjit in 0.000328779 sec
Finished tracing + transforming _broadcast_arrays for pjit in 0.000050545 sec
Finished tracing + transforming _where for pjit in 0.000332594 sec
Finished tracing + transforming _broadcast_arrays for pjit in 0.000098467 sec
Finished tracing + transforming _where for pjit in 0.000409842 sec
Finished tracing + transforming predict_mean for pjit in 0.000358582 sec
Finished tracing + transforming predict_precision for pjit in 0.000553608 sec
Finished tracing + transforming continuous_node_prediction for pjit in 0.002769232 sec
Finished tracing + transforming predict_mean for pjit in 0.000287056 sec
Finished tracing + transforming predict_precision for pjit in 0.000739574 sec
Finished tracing + transforming continuous_node_prediction for pjit in 0.002852201 sec
Finished tracing + transforming predict_mean for pjit in 0.000280380 sec
Finished tracing + transforming predict_precision for pjit in 0.000745773 sec
Finished tracing + transforming continuous_node_prediction for pjit in 0.003000259 sec
Finished tracing + transforming predict_mean for pjit in 0.000285864 sec
Finished tracing + transforming predict_precision for pjit in 0.000730276 sec
Finished tracing + transforming continuous_node_prediction for pjit in 0.002893925 sec
Finished tracing + transforming binary_state_node_prediction for pjit in 0.000678539 sec
Finished tracing + transforming binary_state_node_prediction for pjit in 0.000645638 sec
Finished tracing + transforming binary_state_node_prediction for pjit in 0.000645399 sec
Finished tracing + transforming set_observation for pjit in 0.000414133 sec
Finished tracing + transforming set_observation for pjit in 0.000425816 sec
Finished tracing + transforming set_observation for pjit in 0.000414133 sec
Finished tracing + transforming beliefs_propagation for pjit in 0.029906273 sec
Finished tracing + transforming broadcast_in_dim for pjit in 0.000097036 sec
Compiling jit(broadcast_in_dim) with global shapes and types (ShapedArray(float32[], weak_type=True),). Argument mapping: (UnspecifiedValue,).
Finished jaxpr to MLIR module conversion jit(broadcast_in_dim) in 0.002992153 sec
W0519 02:41:09.738922 1811452 pjrt_executable.cc:642] Assume version compatibility. PjRt-IFRT does not track XLA executable versions.
Persistent compilation cache hit for 'jit_broadcast_in_dim' with key 'jit_broadcast_in_dim-f6e0993fdcfbe78faa8bf9553c2b1055de0b6988ec530e1038f08c062d9c735f'
Finished XLA compilation of jit(broadcast_in_dim) in 0.002544165 sec
Finished tracing + transforming broadcast_in_dim for pjit in 0.000102282 sec
Compiling jit(broadcast_in_dim) with global shapes and types (ShapedArray(float32[]),). Argument mapping: (UnspecifiedValue,).
Finished jaxpr to MLIR module conversion jit(broadcast_in_dim) in 0.001861811 sec
W0519 02:41:09.744030 1811452 pjrt_executable.cc:642] Assume version compatibility. PjRt-IFRT does not track XLA executable versions.
Persistent compilation cache hit for 'jit_broadcast_in_dim' with key 'jit_broadcast_in_dim-f6e0993fdcfbe78faa8bf9553c2b1055de0b6988ec530e1038f08c062d9c735f'
Finished XLA compilation of jit(broadcast_in_dim) in 0.001137495 sec
Finished tracing + transforming broadcast_in_dim for pjit in 0.000098944 sec
Compiling jit(broadcast_in_dim) with global shapes and types (ShapedArray(float32[1]),). Argument mapping: (UnspecifiedValue,).
Finished jaxpr to MLIR module conversion jit(broadcast_in_dim) in 0.001903772 sec
W0519 02:41:09.749304 1811452 pjrt_executable.cc:642] Assume version compatibility. PjRt-IFRT does not track XLA executable versions.
Persistent compilation cache hit for 'jit_broadcast_in_dim' with key 'jit_broadcast_in_dim-da415c8932671a476cfe83c3c60e231ca488b738e81314c0589f2fd6beced059'
Finished XLA compilation of jit(broadcast_in_dim) in 0.001796007 sec
Finished tracing + transforming broadcast_in_dim for pjit in 0.000098705 sec
Compiling jit(broadcast_in_dim) with global shapes and types (ShapedArray(int32[], weak_type=True),). Argument mapping: (UnspecifiedValue,).
Finished jaxpr to MLIR module conversion jit(broadcast_in_dim) in 0.001796246 sec
W0519 02:41:09.754802 1811452 pjrt_executable.cc:642] Assume version compatibility. PjRt-IFRT does not track XLA executable versions.
Persistent compilation cache hit for 'jit_broadcast_in_dim' with key 'jit_broadcast_in_dim-e97036f95cb38f509d4fcc1fb6f143cfb9981f51088f28cce75516383ab2681c'
Finished XLA compilation of jit(broadcast_in_dim) in 0.001947641 sec
Finished tracing + transforming broadcast_in_dim for pjit in 0.000148535 sec
Compiling jit(broadcast_in_dim) with global shapes and types (ShapedArray(int32[]),). Argument mapping: (UnspecifiedValue,).
Finished jaxpr to MLIR module conversion jit(broadcast_in_dim) in 0.002526522 sec
W0519 02:41:09.769016 1811452 pjrt_executable.cc:642] Assume version compatibility. PjRt-IFRT does not track XLA executable versions.
Persistent compilation cache hit for 'jit_broadcast_in_dim' with key 'jit_broadcast_in_dim-e97036f95cb38f509d4fcc1fb6f143cfb9981f51088f28cce75516383ab2681c'
Finished XLA compilation of jit(broadcast_in_dim) in 0.001277685 sec
Finished tracing + transforming transpose for pjit in 0.000144720 sec
Compiling jit(transpose) with global shapes and types (ShapedArray(float32[30,420,3]),). Argument mapping: (UnspecifiedValue,).
Finished jaxpr to MLIR module conversion jit(transpose) in 0.002566099 sec
W0519 02:41:09.774761 1811452 pjrt_executable.cc:642] Assume version compatibility. PjRt-IFRT does not track XLA executable versions.
Persistent compilation cache hit for 'jit_transpose' with key 'jit_transpose-74be050f734ff1cf5dc3dcc4dbc3b9d38d45ee1854554bd6b44fa9c2273fb559'
Finished XLA compilation of jit(transpose) in 0.350843430 sec
Finished tracing + transforming scan for pjit in 0.000858068 sec
Compiling jit(scan) with global shapes and types (ShapedArray(float32[30]), ShapedArray(float32[30]), ShapedArray(float32[30], weak_type=True), ShapedArray(float32[30], weak_type=True), ShapedArray(float32[30], weak_type=True), ShapedArray(float32[30]), ShapedArray(float32[30]), ShapedArray(float32[30], weak_type=True), ShapedArray(float32[30], weak_type=True), ShapedArray(float32[30,1]), ShapedArray(float32[30], weak_type=True), ShapedArray(float32[30], weak_type=True), ShapedArray(float32[30], weak_type=True), ShapedArray(float32[30], weak_type=True), ShapedArray(int32[30], weak_type=True), ShapedArray(float32[30], weak_type=True), ShapedArray(float32[30], weak_type=True), ShapedArray(float32[30], weak_type=True), ShapedArray(float32[30], weak_type=True), ShapedArray(float32[30], weak_type=True), ShapedArray(float32[30], weak_type=True), ShapedArray(float32[30]), ShapedArray(float32[30,1]), ShapedArray(float32[30,1]), ShapedArray(float32[30], weak_type=True), ShapedArray(float32[30], weak_type=True), ShapedArray(float32[30]), ShapedArray(float32[30]), ShapedArray(float32[30], weak_type=True), ShapedArray(float32[30], weak_type=True), ShapedArray(float32[30,1]), ShapedArray(float32[30], weak_type=True), ShapedArray(float32[30], weak_type=True), ShapedArray(float32[30], weak_type=True), ShapedArray(float32[30], weak_type=True), ShapedArray(int32[30], weak_type=True), ShapedArray(float32[30], weak_type=True), ShapedArray(float32[30], weak_type=True), ShapedArray(float32[30], weak_type=True), ShapedArray(float32[30], weak_type=True), ShapedArray(float32[30], weak_type=True), ShapedArray(float32[30], weak_type=True), ShapedArray(float32[30]), ShapedArray(float32[30,1]), ShapedArray(float32[30,1]), ShapedArray(float32[30], weak_type=True), ShapedArray(float32[30], weak_type=True), ShapedArray(float32[30]), ShapedArray(float32[30]), ShapedArray(float32[30], weak_type=True), ShapedArray(float32[30], weak_type=True), ShapedArray(float32[30,1]), ShapedArray(float32[30], weak_type=True), ShapedArray(float32[30], weak_type=True), ShapedArray(float32[30], weak_type=True), ShapedArray(float32[30], weak_type=True), ShapedArray(int32[30], weak_type=True), ShapedArray(float32[30], weak_type=True), ShapedArray(float32[30], weak_type=True), ShapedArray(float32[30], weak_type=True), ShapedArray(float32[30], weak_type=True), ShapedArray(float32[30], weak_type=True), ShapedArray(float32[30], weak_type=True), ShapedArray(float32[30]), ShapedArray(float32[30,1]), ShapedArray(float32[30,1]), ShapedArray(float32[30], weak_type=True), ShapedArray(float32[30], weak_type=True), ShapedArray(float32[30], weak_type=True), ShapedArray(float32[30], weak_type=True), ShapedArray(int32[30], weak_type=True), ShapedArray(float32[30], weak_type=True), ShapedArray(float32[30], weak_type=True), ShapedArray(float32[30], weak_type=True), ShapedArray(float32[30], weak_type=True), ShapedArray(float32[30], weak_type=True), ShapedArray(float32[30], weak_type=True), ShapedArray(float32[30]), ShapedArray(float32[30,3]), ShapedArray(uint32[30,2]), ShapedArray(int32[30]), ShapedArray(float32[420,30,3])). Argument mapping: (UnspecifiedValue, UnspecifiedValue, UnspecifiedValue, UnspecifiedValue, UnspecifiedValue, UnspecifiedValue, UnspecifiedValue, UnspecifiedValue, UnspecifiedValue, UnspecifiedValue, UnspecifiedValue, UnspecifiedValue, UnspecifiedValue, UnspecifiedValue, UnspecifiedValue, UnspecifiedValue, UnspecifiedValue, UnspecifiedValue, UnspecifiedValue, UnspecifiedValue, UnspecifiedValue, UnspecifiedValue, UnspecifiedValue, UnspecifiedValue, UnspecifiedValue, UnspecifiedValue, UnspecifiedValue, UnspecifiedValue, UnspecifiedValue, UnspecifiedValue, UnspecifiedValue, UnspecifiedValue, UnspecifiedValue, UnspecifiedValue, UnspecifiedValue, UnspecifiedValue, UnspecifiedValue, UnspecifiedValue, UnspecifiedValue, UnspecifiedValue, UnspecifiedValue, UnspecifiedValue, UnspecifiedValue, UnspecifiedValue, UnspecifiedValue, UnspecifiedValue, UnspecifiedValue, UnspecifiedValue, UnspecifiedValue, UnspecifiedValue, UnspecifiedValue, UnspecifiedValue, UnspecifiedValue, UnspecifiedValue, UnspecifiedValue, UnspecifiedValue, UnspecifiedValue, UnspecifiedValue, UnspecifiedValue, UnspecifiedValue, UnspecifiedValue, UnspecifiedValue, UnspecifiedValue, UnspecifiedValue, UnspecifiedValue, UnspecifiedValue, UnspecifiedValue, UnspecifiedValue, UnspecifiedValue, UnspecifiedValue, UnspecifiedValue, UnspecifiedValue, UnspecifiedValue, UnspecifiedValue, UnspecifiedValue, UnspecifiedValue, UnspecifiedValue, UnspecifiedValue, UnspecifiedValue, UnspecifiedValue, UnspecifiedValue, UnspecifiedValue).
Finished tracing + transforming _threefry_split_foldlike for pjit in 0.000549316 sec
Finished tracing + transforming _threefry_split for pjit in 0.000978470 sec
Finished tracing + transforming bitwise_xor for pjit in 0.000362635 sec
Finished tracing + transforming bitwise_xor for pjit in 0.000252485 sec
Finished tracing + transforming add for pjit in 0.000259399 sec
Finished tracing + transforming add for pjit in 0.000201464 sec
Finished tracing + transforming bitwise_or for pjit in 0.000281096 sec
Finished tracing + transforming bitwise_xor for pjit in 0.000198126 sec
Finished tracing + transforming add for pjit in 0.000318050 sec
Finished tracing + transforming add for pjit in 0.000241518 sec
Finished tracing + transforming bitwise_xor for pjit in 0.000386238 sec
Finished tracing + transforming add for pjit in 0.000155449 sec
Finished tracing + transforming add for pjit in 0.000144243 sec
Finished tracing + transforming bitwise_or for pjit in 0.000141859 sec
Finished tracing + transforming bitwise_xor for pjit in 0.000102758 sec
Finished tracing + transforming add for pjit in 0.000230074 sec
Finished tracing + transforming add for pjit in 0.000143051 sec
Finished tracing + transforming bitwise_xor for pjit in 0.000374556 sec
Finished tracing + transforming bitwise_xor for pjit in 0.000114679 sec
Finished tracing + transforming bitwise_xor for pjit in 0.000153780 sec
Finished tracing + transforming add for pjit in 0.000139236 sec
Finished tracing + transforming add for pjit in 0.000134468 sec
Finished tracing + transforming bitwise_or for pjit in 0.000128031 sec
Finished tracing + transforming add for pjit in 0.000151634 sec
Finished jaxpr to MLIR module conversion jit(scan) in 0.167827129 sec
W0519 02:41:10.314874 1811452 pjrt_executable.cc:642] Assume version compatibility. PjRt-IFRT does not track XLA executable versions.
Persistent compilation cache hit for 'jit_scan' with key 'jit_scan-15548996ee33ad1c68d5e2266f4000d2307d9a19c0a1a726d425580f78e8e63e'
Finished XLA compilation of jit(scan) in 0.058021784 sec
Finished tracing + transforming invert for pjit in 0.000208855 sec
Compiling jit(invert) with global shapes and types (ShapedArray(bool[420,30]),). Argument mapping: (UnspecifiedValue,).
Finished jaxpr to MLIR module conversion jit(invert) in 0.002501965 sec
W0519 02:41:10.379662 1811452 pjrt_executable.cc:642] Assume version compatibility. PjRt-IFRT does not track XLA executable versions.
Persistent compilation cache hit for 'jit_invert' with key 'jit_invert-50fd465722363992185ef4ede1359cad713901d331f89230f4b6c706c4e24c36'
Finished XLA compilation of jit(invert) in 0.002274990 sec
Finished tracing + transforming _reduce_any for pjit in 0.000319242 sec
Compiling jit(_reduce_any) with global shapes and types (ShapedArray(bool[420,30]),). Argument mapping: (UnspecifiedValue,).
Finished jaxpr to MLIR module conversion jit(_reduce_any) in 0.002126217 sec
W0519 02:41:10.385303 1811452 pjrt_executable.cc:642] Assume version compatibility. PjRt-IFRT does not track XLA executable versions.
Persistent compilation cache hit for 'jit__reduce_any' with key 'jit__reduce_any-64d3ae6639a658d6f68c9e1b8904199ad340a8e3996b74b5b391e23dfe1473ae'
Finished XLA compilation of jit(_reduce_any) in 0.001948118 sec
Finished tracing + transforming transpose for pjit in 0.000138998 sec
Compiling jit(transpose) with global shapes and types (ShapedArray(int32[420,30]),). Argument mapping: (UnspecifiedValue,).
Finished jaxpr to MLIR module conversion jit(transpose) in 0.001904011 sec
W0519 02:41:10.391193 1811452 pjrt_executable.cc:642] Assume version compatibility. PjRt-IFRT does not track XLA executable versions.
Persistent compilation cache hit for 'jit_transpose' with key 'jit_transpose-41d50285d396b4e105bd21fc70abbef696f559beb14243561b8bfb16fcf1c804'
Finished XLA compilation of jit(transpose) in 0.002716541 sec
Finished tracing + transforming dynamic_slice for pjit in 0.000161886 sec
Compiling jit(dynamic_slice) with global shapes and types (ShapedArray(int32[30,420]), ShapedArray(int32[], weak_type=True), ShapedArray(int32[], weak_type=True)). Argument mapping: (UnspecifiedValue, UnspecifiedValue, UnspecifiedValue).
Finished jaxpr to MLIR module conversion jit(dynamic_slice) in 0.001886845 sec
W0519 02:41:10.397234 1811452 pjrt_executable.cc:642] Assume version compatibility. PjRt-IFRT does not track XLA executable versions.
Persistent compilation cache hit for 'jit_dynamic_slice' with key 'jit_dynamic_slice-80e11ff489e8ca6aa10ca945e595b98e35da6c84db8e45371e320ee211fa9721'
Finished XLA compilation of jit(dynamic_slice) in 0.001796484 sec
Finished tracing + transforming squeeze for pjit in 0.000127792 sec
Compiling jit(squeeze) with global shapes and types (ShapedArray(int32[1,420]),). Argument mapping: (UnspecifiedValue,).
Finished jaxpr to MLIR module conversion jit(squeeze) in 0.001818895 sec
W0519 02:41:10.402153 1811452 pjrt_executable.cc:642] Assume version compatibility. PjRt-IFRT does not track XLA executable versions.
Persistent compilation cache hit for 'jit_squeeze' with key 'jit_squeeze-d35243d09d3bf0cba079ccc19d72f40a28fcd8d7f215aa09acb11c4711d5fd58'
Finished XLA compilation of jit(squeeze) in 0.001783848 sec
Finished tracing + transforming not_equal for pjit in 0.000149727 sec
Finished tracing + transforming logical_and for pjit in 0.000169039 sec
Finished tracing + transforming subtract for pjit in 0.000142336 sec
Finished tracing + transforming floor_divide for pjit in 0.001564503 sec
Finished tracing + transforming equal for pjit in 0.000133753 sec
Finished tracing + transforming _where for pjit in 0.000177622 sec
Finished tracing + transforming remainder for pjit in 0.001182318 sec
Finished tracing + transforming divmod for pjit in 0.003200769 sec
Compiling jit(divmod) with global shapes and types (ShapedArray(int32[], weak_type=True), ShapedArray(int32[], weak_type=True)). Argument mapping: (UnspecifiedValue, UnspecifiedValue).
Finished jaxpr to MLIR module conversion jit(divmod) in 0.004329681 sec
W0519 02:41:10.412545 1811452 pjrt_executable.cc:642] Assume version compatibility. PjRt-IFRT does not track XLA executable versions.
Persistent compilation cache hit for 'jit_divmod' with key 'jit_divmod-92c75a3ab4b1c049a4711fc9ebc681ccdd778467e4c0fa4b3478488c9a7763b3'
Finished XLA compilation of jit(divmod) in 0.002164125 sec
Finished tracing + transforming dynamic_slice for pjit in 0.000167847 sec
Compiling jit(dynamic_slice) with global shapes and types (ShapedArray(int32[420]), ShapedArray(int32[])). Argument mapping: (UnspecifiedValue, UnspecifiedValue).
Finished jaxpr to MLIR module conversion jit(dynamic_slice) in 0.002066612 sec
W0519 02:41:10.431966 1811452 pjrt_executable.cc:642] Assume version compatibility. PjRt-IFRT does not track XLA executable versions.
Persistent compilation cache hit for 'jit_dynamic_slice' with key 'jit_dynamic_slice-ccc4dc5c836d16dbd531418f208acf86f5d79ba1d2f1e59712e239cf3ef5ea3c'
Finished XLA compilation of jit(dynamic_slice) in 0.001933336 sec
Finished tracing + transforming _unstack for pjit in 0.002871275 sec
Compiling jit(_unstack) with global shapes and types (ShapedArray(int32[100]),). Argument mapping: (UnspecifiedValue,).
Finished jaxpr to MLIR module conversion jit(_unstack) in 0.006327391 sec
W0519 02:41:10.446128 1811452 pjrt_executable.cc:642] Assume version compatibility. PjRt-IFRT does not track XLA executable versions.
Persistent compilation cache hit for 'jit__unstack' with key 'jit__unstack-1530d518c235a54a9d8e767bc65a723294dfbfa78025f078cabd119151cec42b'
Finished XLA compilation of jit(_unstack) in 0.009619951 sec
Finished tracing + transforming multiply for pjit in 0.000231504 sec
Compiling jit(multiply) with global shapes and types (ShapedArray(int32[], weak_type=True), ShapedArray(int32[], weak_type=True)). Argument mapping: (UnspecifiedValue, UnspecifiedValue).
Finished jaxpr to MLIR module conversion jit(multiply) in 0.002597809 sec
W0519 02:41:10.479284 1811452 pjrt_executable.cc:642] Assume version compatibility. PjRt-IFRT does not track XLA executable versions.
Persistent compilation cache hit for 'jit_multiply' with key 'jit_multiply-fefa45340ef78ec9bdc1a93c2e632814bb0ee2adf948f3922010a078aaaad212'
Finished XLA compilation of jit(multiply) in 0.002145052 sec
Finished tracing + transforming less for pjit in 0.000185728 sec
Compiling jit(less) with global shapes and types (ShapedArray(int32[], weak_type=True), ShapedArray(int32[], weak_type=True)). Argument mapping: (UnspecifiedValue, UnspecifiedValue).
Finished jaxpr to MLIR module conversion jit(less) in 0.002414703 sec
W0519 02:41:10.484845 1811452 pjrt_executable.cc:642] Assume version compatibility. PjRt-IFRT does not track XLA executable versions.
Persistent compilation cache hit for 'jit_less' with key 'jit_less-80f7e046eedf267bcca5f93ddea66de8f389bdcb43258a19e6d4d1d210c85549'
Finished XLA compilation of jit(less) in 0.001824617 sec
Finished tracing + transforming add for pjit in 0.000173330 sec
Compiling jit(add) with global shapes and types (ShapedArray(int32[], weak_type=True), ShapedArray(int32[])). Argument mapping: (UnspecifiedValue, UnspecifiedValue).
Finished jaxpr to MLIR module conversion jit(add) in 0.002201319 sec
W0519 02:41:10.490101 1811452 pjrt_executable.cc:642] Assume version compatibility. PjRt-IFRT does not track XLA executable versions.
Persistent compilation cache hit for 'jit_add' with key 'jit_add-4a6f9ddef6f178056167db2aa5c51ebe9e22e2fa9788f1f4112ac1505edb39f8'
Finished XLA compilation of jit(add) in 0.001870871 sec
Finished tracing + transforming select_n for pjit in 0.000137806 sec
Compiling jit(select_n) with global shapes and types (ShapedArray(bool[], weak_type=True), ShapedArray(int32[], weak_type=True), ShapedArray(int32[])). Argument mapping: (UnspecifiedValue, UnspecifiedValue, UnspecifiedValue).
Finished jaxpr to MLIR module conversion jit(select_n) in 0.001926899 sec
W0519 02:41:10.494899 1811452 pjrt_executable.cc:642] Assume version compatibility. PjRt-IFRT does not track XLA executable versions.
Persistent compilation cache hit for 'jit_select_n' with key 'jit_select_n-ee96da10a878f929fcb4519ade83c79bd430665aade9d2f0940bd86baf987933'
Finished XLA compilation of jit(select_n) in 0.001874447 sec
Finished tracing + transforming dynamic_slice for pjit in 0.000154257 sec
Compiling jit(dynamic_slice) with global shapes and types (ShapedArray(int32[420]), ShapedArray(int32[])). Argument mapping: (UnspecifiedValue, UnspecifiedValue).
Finished jaxpr to MLIR module conversion jit(dynamic_slice) in 0.002370358 sec
W0519 02:41:10.500376 1811452 pjrt_executable.cc:642] Assume version compatibility. PjRt-IFRT does not track XLA executable versions.
Persistent compilation cache hit for 'jit_dynamic_slice' with key 'jit_dynamic_slice-9c8b5396407734839224209a2be97f2aadce6c4d08bd8c5ba44ade8e8737045a'
Finished XLA compilation of jit(dynamic_slice) in 0.001971960 sec
Finished tracing + transforming _unstack for pjit in 0.000748158 sec
Compiling jit(_unstack) with global shapes and types (ShapedArray(int32[20]),). Argument mapping: (UnspecifiedValue,).
Finished jaxpr to MLIR module conversion jit(_unstack) in 0.003247261 sec
W0519 02:41:10.507355 1811452 pjrt_executable.cc:642] Assume version compatibility. PjRt-IFRT does not track XLA executable versions.
Persistent compilation cache hit for 'jit__unstack' with key 'jit__unstack-b1d1c785c4cae6a30e71aebf0a4174aa8778515efa201abc2d65105955b3ae65'
Finished XLA compilation of jit(_unstack) in 0.003438711 sec
Finished tracing + transforming dynamic_slice for pjit in 0.000164747 sec
Compiling jit(dynamic_slice) with global shapes and types (ShapedArray(bool[30]), ShapedArray(int32[], weak_type=True)). Argument mapping: (UnspecifiedValue, UnspecifiedValue).
Finished jaxpr to MLIR module conversion jit(dynamic_slice) in 0.002474785 sec
W0519 02:41:10.537569 1811452 pjrt_executable.cc:642] Assume version compatibility. PjRt-IFRT does not track XLA executable versions.
Persistent compilation cache hit for 'jit_dynamic_slice' with key 'jit_dynamic_slice-ff285b5af9be4d18172dd23a0cc8744fe33735f3ba312b7bf213bf21d8e28f01'
Finished XLA compilation of jit(dynamic_slice) in 0.002129316 sec
Finished tracing + transforming squeeze for pjit in 0.000142574 sec
Compiling jit(squeeze) with global shapes and types (ShapedArray(bool[1]),). Argument mapping: (UnspecifiedValue,).
Finished jaxpr to MLIR module conversion jit(squeeze) in 0.002314568 sec
W0519 02:41:10.542978 1811452 pjrt_executable.cc:642] Assume version compatibility. PjRt-IFRT does not track XLA executable versions.
Persistent compilation cache hit for 'jit_squeeze' with key 'jit_squeeze-ed81068d21c5c657110447a07048adc4c641055234023af4f5a8856b97da49d5'
Finished XLA compilation of jit(squeeze) in 0.001814842 sec
Finished tracing + transforming predict_mean for pjit in 0.000533104 sec
Finished tracing + transforming predict_precision for pjit in 0.000596523 sec
Finished tracing + transforming continuous_node_prediction for pjit in 0.003759146 sec
Finished tracing + transforming predict_mean for pjit in 0.000259876 sec
Finished tracing + transforming predict_precision for pjit in 0.000588417 sec
Finished tracing + transforming continuous_node_prediction for pjit in 0.002447367 sec
Finished tracing + transforming predict_mean for pjit in 0.000342369 sec
Finished tracing + transforming predict_precision for pjit in 0.000518799 sec
Finished tracing + transforming continuous_node_prediction for pjit in 0.002364635 sec
Finished tracing + transforming binary_state_node_prediction for pjit in 0.000524759 sec
Finished tracing + transforming binary_state_node_prediction for pjit in 0.000560999 sec
Finished tracing + transforming binary_state_node_prediction for pjit in 0.000577450 sec
Finished tracing + transforming set_observation for pjit in 0.000293255 sec
Finished tracing + transforming set_observation for pjit in 0.000282526 sec
Finished tracing + transforming set_observation for pjit in 0.000358582 sec
Finished tracing + transforming binary_state_node_prediction_error for pjit in 0.000523806 sec
Finished tracing + transforming binary_state_node_prediction_error for pjit in 0.000508070 sec
Finished tracing + transforming binary_state_node_prediction_error for pjit in 0.000491142 sec
Finished tracing + transforming precision_update for pjit in 0.000746012 sec
Finished tracing + transforming precision_update_missing_values for pjit in 0.000374556 sec
Finished tracing + transforming posterior_update_precision_continuous_node for pjit in 0.003616810 sec
Finished tracing + transforming posterior_update_mean_continuous_node for pjit in 0.000630856 sec
Finished tracing + transforming continuous_node_posterior_update for pjit in 0.006289005 sec
Finished tracing + transforming precision_update for pjit in 0.000687838 sec
Finished tracing + transforming precision_update_missing_values for pjit in 0.000370741 sec
Finished tracing + transforming posterior_update_precision_continuous_node for pjit in 0.003549814 sec
Finished tracing + transforming posterior_update_mean_continuous_node for pjit in 0.000625372 sec
Finished tracing + transforming continuous_node_posterior_update for pjit in 0.005585194 sec
Finished tracing + transforming precision_update for pjit in 0.000689030 sec
Finished tracing + transforming precision_update_missing_values for pjit in 0.000367403 sec
Finished tracing + transforming posterior_update_precision_continuous_node for pjit in 0.003491163 sec
Finished tracing + transforming posterior_update_mean_continuous_node for pjit in 0.000619173 sec
Finished tracing + transforming continuous_node_posterior_update for pjit in 0.005532265 sec
Finished tracing + transforming beliefs_propagation for pjit in 0.042722225 sec
Finished tracing + transforming predict_mean for pjit in 0.000260830 sec
Finished tracing + transforming predict_precision for pjit in 0.000597954 sec
Finished tracing + transforming continuous_node_prediction for pjit in 0.002466202 sec
Finished tracing + transforming predict_mean for pjit in 0.000872612 sec
Finished tracing + transforming predict_precision for pjit in 0.000524998 sec
Finished tracing + transforming continuous_node_prediction for pjit in 0.002891541 sec
Finished tracing + transforming predict_mean for pjit in 0.000266552 sec
Finished tracing + transforming predict_precision for pjit in 0.000584126 sec
Finished tracing + transforming continuous_node_prediction for pjit in 0.002321482 sec
Finished tracing + transforming binary_state_node_prediction for pjit in 0.000585556 sec
Finished tracing + transforming binary_state_node_prediction for pjit in 0.000568628 sec
Finished tracing + transforming binary_state_node_prediction for pjit in 0.000559568 sec
Finished tracing + transforming set_observation for pjit in 0.000288010 sec
Finished tracing + transforming set_observation for pjit in 0.000288486 sec
Finished tracing + transforming set_observation for pjit in 0.000353575 sec
Finished tracing + transforming beliefs_propagation for pjit in 0.019876003 sec
Finished tracing + transforming scan for pjit in 0.001067638 sec
Compiling jit(scan) with global shapes and types (ShapedArray(float32[], weak_type=True), ShapedArray(float32[], weak_type=True), ShapedArray(float32[], weak_type=True), ShapedArray(float32[]), ShapedArray(int32[], weak_type=True), ShapedArray(float32[], weak_type=True), ShapedArray(float32[], weak_type=True), ShapedArray(float32[1]), ShapedArray(float32[], weak_type=True), ShapedArray(float32[], weak_type=True), ShapedArray(float32[], weak_type=True), ShapedArray(float32[], weak_type=True), ShapedArray(int32[], weak_type=True), ShapedArray(float32[], weak_type=True), ShapedArray(float32[], weak_type=True), ShapedArray(float32[], weak_type=True), ShapedArray(float32[], weak_type=True), ShapedArray(float32[], weak_type=True), ShapedArray(float32[], weak_type=True), ShapedArray(float32[], weak_type=True), ShapedArray(float32[1]), ShapedArray(float32[], weak_type=True), ShapedArray(float32[], weak_type=True), ShapedArray(float32[]), ShapedArray(int32[], weak_type=True), ShapedArray(float32[], weak_type=True), ShapedArray(float32[], weak_type=True), ShapedArray(float32[1]), ShapedArray(float32[], weak_type=True), ShapedArray(float32[], weak_type=True), ShapedArray(float32[], weak_type=True), ShapedArray(float32[], weak_type=True), ShapedArray(int32[], weak_type=True), ShapedArray(float32[], weak_type=True), ShapedArray(float32[], weak_type=True), ShapedArray(float32[], weak_type=True), ShapedArray(float32[], weak_type=True), ShapedArray(float32[], weak_type=True), ShapedArray(float32[], weak_type=True), ShapedArray(float32[], weak_type=True), ShapedArray(float32[1]), ShapedArray(float32[], weak_type=True), ShapedArray(float32[], weak_type=True), ShapedArray(float32[]), ShapedArray(int32[], weak_type=True), ShapedArray(float32[], weak_type=True), ShapedArray(float32[], weak_type=True), ShapedArray(float32[1]), ShapedArray(float32[], weak_type=True), ShapedArray(float32[], weak_type=True), ShapedArray(float32[], weak_type=True), ShapedArray(float32[], weak_type=True), ShapedArray(int32[], weak_type=True), ShapedArray(float32[], weak_type=True), ShapedArray(float32[], weak_type=True), ShapedArray(float32[], weak_type=True), ShapedArray(float32[], weak_type=True), ShapedArray(float32[], weak_type=True), ShapedArray(float32[], weak_type=True), ShapedArray(float32[], weak_type=True), ShapedArray(float32[1]), ShapedArray(float32[420,1]), ShapedArray(float32[420,1]), ShapedArray(float32[420,1]), ShapedArray(int32[420]), ShapedArray(int32[420]), ShapedArray(int32[420]), ShapedArray(float32[420])). Argument mapping: (UnspecifiedValue, UnspecifiedValue, UnspecifiedValue, UnspecifiedValue, UnspecifiedValue, UnspecifiedValue, UnspecifiedValue, UnspecifiedValue, UnspecifiedValue, UnspecifiedValue, UnspecifiedValue, UnspecifiedValue, UnspecifiedValue, UnspecifiedValue, UnspecifiedValue, UnspecifiedValue, UnspecifiedValue, UnspecifiedValue, UnspecifiedValue, UnspecifiedValue, UnspecifiedValue, UnspecifiedValue, UnspecifiedValue, UnspecifiedValue, UnspecifiedValue, UnspecifiedValue, UnspecifiedValue, UnspecifiedValue, UnspecifiedValue, UnspecifiedValue, UnspecifiedValue, UnspecifiedValue, UnspecifiedValue, UnspecifiedValue, UnspecifiedValue, UnspecifiedValue, UnspecifiedValue, UnspecifiedValue, UnspecifiedValue, UnspecifiedValue, UnspecifiedValue, UnspecifiedValue, UnspecifiedValue, UnspecifiedValue, UnspecifiedValue, UnspecifiedValue, UnspecifiedValue, UnspecifiedValue, UnspecifiedValue, UnspecifiedValue, UnspecifiedValue, UnspecifiedValue, UnspecifiedValue, UnspecifiedValue, UnspecifiedValue, UnspecifiedValue, UnspecifiedValue, UnspecifiedValue, UnspecifiedValue, UnspecifiedValue, UnspecifiedValue, UnspecifiedValue, UnspecifiedValue, UnspecifiedValue, UnspecifiedValue, UnspecifiedValue, UnspecifiedValue, UnspecifiedValue).
Finished jaxpr to MLIR module conversion jit(scan) in 0.047052383 sec
W0519 02:41:12.005984 1811452 pjrt_executable.cc:642] Assume version compatibility. PjRt-IFRT does not track XLA executable versions.
Persistent compilation cache hit for 'jit_scan' with key 'jit_scan-6f1678ae5579024acc120c0e797e43691e16ec45686eb69ef3689024712c19da'
Finished XLA compilation of jit(scan) in 0.038089514 sec
Finished tracing + transforming convert_element_type for pjit in 0.000203371 sec
Compiling jit(convert_element_type) with global shapes and types (ShapedArray(float32[30,420,3]),). Argument mapping: (UnspecifiedValue,).
Finished jaxpr to MLIR module conversion jit(convert_element_type) in 0.002211571 sec
W0519 02:41:12.110077 1811452 pjrt_executable.cc:642] Assume version compatibility. PjRt-IFRT does not track XLA executable versions.
Persistent compilation cache hit for 'jit_convert_element_type' with key 'jit_convert_element_type-6f7225d2ec4b29ba35f610403259fcf006eb34a42b5113dda1000dfaecc1f594'
Finished XLA compilation of jit(convert_element_type) in 0.002056599 sec
Finished tracing + transforming convert_element_type for pjit in 0.000122547 sec
Compiling jit(convert_element_type) with global shapes and types (ShapedArray(int32[30,420,3]),). Argument mapping: (UnspecifiedValue,).
Finished jaxpr to MLIR module conversion jit(convert_element_type) in 0.001766920 sec
W0519 02:41:12.114701 1811452 pjrt_executable.cc:642] Assume version compatibility. PjRt-IFRT does not track XLA executable versions.
Persistent compilation cache hit for 'jit_convert_element_type' with key 'jit_convert_element_type-4e4e23738797c445a1dc80e0a24f269ae3ad1435fe4e53fd2403303f9605fcb5'
Finished XLA compilation of jit(convert_element_type) in 0.001600266 sec
Finished tracing + transforming convert_element_type for pjit in 0.000122309 sec
Compiling jit(convert_element_type) with global shapes and types (ShapedArray(int32[30,420]),). Argument mapping: (UnspecifiedValue,).
Finished jaxpr to MLIR module conversion jit(convert_element_type) in 0.001838207 sec
W0519 02:41:12.119194 1811452 pjrt_executable.cc:642] Assume version compatibility. PjRt-IFRT does not track XLA executable versions.
Persistent compilation cache hit for 'jit_convert_element_type' with key 'jit_convert_element_type-c98d062615307ec8cdb31d7b8dceb5f36c8b14aaff0e5e3dee85251ec47225ca'
Finished XLA compilation of jit(convert_element_type) in 0.001594543 sec
Finished tracing + transforming broadcast_in_dim for pjit in 0.000144005 sec
Compiling jit(broadcast_in_dim) with global shapes and types (ShapedArray(float32[]),). Argument mapping: (UnspecifiedValue,).
Finished jaxpr to MLIR module conversion jit(broadcast_in_dim) in 0.001912117 sec
W0519 02:41:12.124116 1811452 pjrt_executable.cc:642] Assume version compatibility. PjRt-IFRT does not track XLA executable versions.
Persistent compilation cache hit for 'jit_broadcast_in_dim' with key 'jit_broadcast_in_dim-ceee5f714e2f42b64c7f2e0009e2a85c202fa983d73b62ec14c973e7d795c544'
Finished XLA compilation of jit(broadcast_in_dim) in 0.001714468 sec
Finished tracing + transforming convert_element_type for pjit in 0.000124693 sec
Compiling jit(convert_element_type) with global shapes and types (ShapedArray(float32[], weak_type=True),). Argument mapping: (UnspecifiedValue,).
Finished jaxpr to MLIR module conversion jit(convert_element_type) in 0.001607895 sec
W0519 02:41:12.128585 1811452 pjrt_executable.cc:642] Assume version compatibility. PjRt-IFRT does not track XLA executable versions.
Persistent compilation cache hit for 'jit_convert_element_type' with key 'jit_convert_element_type-3a468f3d42d896bb36e7a92707490bfc756d181cfb57eb02b187f539f850d5fd'
Finished XLA compilation of jit(convert_element_type) in 0.001034260 sec
Finished tracing + transforming broadcast_in_dim for pjit in 0.000130177 sec
Compiling jit(broadcast_in_dim) with global shapes and types (ShapedArray(float32[], weak_type=True),). Argument mapping: (UnspecifiedValue,).
Finished jaxpr to MLIR module conversion jit(broadcast_in_dim) in 0.001908779 sec
W0519 02:41:12.132598 1811452 pjrt_executable.cc:642] Assume version compatibility. PjRt-IFRT does not track XLA executable versions.
Persistent compilation cache hit for 'jit_broadcast_in_dim' with key 'jit_broadcast_in_dim-f6e0993fdcfbe78faa8bf9553c2b1055de0b6988ec530e1038f08c062d9c735f'
Finished XLA compilation of jit(broadcast_in_dim) in 0.001204967 sec
Finished tracing + transforming log for pjit in 0.000291586 sec
Compiling jit(log) with global shapes and types (ShapedArray(float32[], weak_type=True),). Argument mapping: (UnspecifiedValue,).
Finished jaxpr to MLIR module conversion jit(log) in 0.003121138 sec
W0519 02:41:12.487436 1811452 pjrt_executable.cc:642] Assume version compatibility. PjRt-IFRT does not track XLA executable versions.
Persistent compilation cache hit for 'jit_log' with key 'jit_log-6c5ab3192d3a167faf2f2cf9ee2fbb9e38105543193d2761fad1de67255b9a0c'
Finished XLA compilation of jit(log) in 0.002563953 sec
Finished tracing + transforming _threefry_split_foldlike for pjit in 0.000648499 sec
Finished tracing + transforming _threefry_split for pjit in 0.000996113 sec
Compiling jit(_threefry_split) with global shapes and types (ShapedArray(uint32[2]),). Argument mapping: (UnspecifiedValue,).
Finished tracing + transforming add for pjit in 0.000290871 sec
Finished tracing + transforming add for pjit in 0.000250578 sec
Finished tracing + transforming bitwise_or for pjit in 0.000183582 sec
Finished jaxpr to MLIR module conversion jit(_threefry_split) in 0.012618780 sec
W0519 02:41:12.566638 1811452 pjrt_executable.cc:642] Assume version compatibility. PjRt-IFRT does not track XLA executable versions.
Persistent compilation cache hit for 'jit__threefry_split' with key 'jit__threefry_split-d3254b3df686c599dddf0414cfcf6c3c829cd4375a6d2a16db039169ad1f33da'
Finished XLA compilation of jit(_threefry_split) in 0.004135847 sec
Finished tracing + transforming _unstack for pjit in 0.000278711 sec
Compiling jit(_unstack) with global shapes and types (ShapedArray(uint32[3,2]),). Argument mapping: (UnspecifiedValue,).
Finished jaxpr to MLIR module conversion jit(_unstack) in 0.002325773 sec
W0519 02:41:12.573917 1811452 pjrt_executable.cc:642] Assume version compatibility. PjRt-IFRT does not track XLA executable versions.
Persistent compilation cache hit for 'jit__unstack' with key 'jit__unstack-1a422de32771574c1c8dd5a93e03218ea41faa6efbd47d79380811b9da2d5f4f'
Finished XLA compilation of jit(_unstack) in 0.001995564 sec
Finished tracing + transforming exp for pjit in 0.000153303 sec
Compiling jit(exp) with global shapes and types (ShapedArray(float32[30], weak_type=True),). Argument mapping: (UnspecifiedValue,).
Finished jaxpr to MLIR module conversion jit(exp) in 0.002458811 sec
W0519 02:41:12.580341 1811452 pjrt_executable.cc:642] Assume version compatibility. PjRt-IFRT does not track XLA executable versions.
Persistent compilation cache hit for 'jit_exp' with key 'jit_exp-f6e373b1df411387cf0bd10d32fa57e057a61bf0c7deaf23f4ebad4a767cce08'
Finished XLA compilation of jit(exp) in 0.001788139 sec
Finished tracing + transforming sqrt for pjit in 0.000151157 sec
Compiling jit(sqrt) with global shapes and types (ShapedArray(float32[], weak_type=True),). Argument mapping: (UnspecifiedValue,).
Finished jaxpr to MLIR module conversion jit(sqrt) in 0.002384663 sec
W0519 02:41:12.585628 1811452 pjrt_executable.cc:642] Assume version compatibility. PjRt-IFRT does not track XLA executable versions.
Persistent compilation cache hit for 'jit_sqrt' with key 'jit_sqrt-ea90d8fa8e4ea7d501ff260dbdd45748049538493465e7ab5a24db6dc884c751'
Finished XLA compilation of jit(sqrt) in 0.001803160 sec
Compiling jit(multiply) with global shapes and types (ShapedArray(float32[], weak_type=True), ShapedArray(float32[], weak_type=True)). Argument mapping: (UnspecifiedValue, UnspecifiedValue).
Finished jaxpr to MLIR module conversion jit(multiply) in 0.002393961 sec
W0519 02:41:12.591051 1811452 pjrt_executable.cc:642] Assume version compatibility. PjRt-IFRT does not track XLA executable versions.
Persistent compilation cache hit for 'jit_multiply' with key 'jit_multiply-e4fa16bd3b8d9b96d9587ba9977aca7000ee92c5bce35d28d17023a05d2e6323'
Finished XLA compilation of jit(multiply) in 0.002087116 sec
Finished tracing + transforming subtract for pjit in 0.000187159 sec
Compiling jit(subtract) with global shapes and types (ShapedArray(float32[30], weak_type=True), ShapedArray(float32[], weak_type=True)). Argument mapping: (UnspecifiedValue, UnspecifiedValue).
Finished jaxpr to MLIR module conversion jit(subtract) in 0.002599478 sec
W0519 02:41:12.597384 1811452 pjrt_executable.cc:642] Assume version compatibility. PjRt-IFRT does not track XLA executable versions.
Persistent compilation cache hit for 'jit_subtract' with key 'jit_subtract-f8c57de1ac07231584043ed7532ff4e515e30c0974da1913ec53f7fda9295d2e'
Finished XLA compilation of jit(subtract) in 0.001878262 sec
Finished tracing + transforming true_divide for pjit in 0.000179529 sec
Compiling jit(true_divide) with global shapes and types (ShapedArray(float32[30], weak_type=True), ShapedArray(float32[], weak_type=True)). Argument mapping: (UnspecifiedValue, UnspecifiedValue).
Finished jaxpr to MLIR module conversion jit(true_divide) in 0.002495289 sec
W0519 02:41:12.603494 1811452 pjrt_executable.cc:642] Assume version compatibility. PjRt-IFRT does not track XLA executable versions.
Persistent compilation cache hit for 'jit_true_divide' with key 'jit_true_divide-8a3f052dc1423199d26618c743788992e26a084f697efb4ed54325a60d064783'
Finished XLA compilation of jit(true_divide) in 0.001777172 sec
Finished tracing + transforming convert_element_type for pjit in 0.000127316 sec
Compiling jit(convert_element_type) with global shapes and types (ShapedArray(float32[30], weak_type=True),). Argument mapping: (UnspecifiedValue,).
Finished jaxpr to MLIR module conversion jit(convert_element_type) in 0.002118111 sec
W0519 02:41:12.608201 1811452 pjrt_executable.cc:642] Assume version compatibility. PjRt-IFRT does not track XLA executable versions.
Persistent compilation cache hit for 'jit_convert_element_type' with key 'jit_convert_element_type-7301c8806f7adc941794f05e31227910fc0a1ebfa4031b895a071df8f2d27514'
Finished XLA compilation of jit(convert_element_type) in 0.001061440 sec
Finished tracing + transforming integer_pow for pjit in 0.000114202 sec
Compiling jit(integer_pow) with global shapes and types (ShapedArray(float32[30], weak_type=True),). Argument mapping: (UnspecifiedValue,).
Finished jaxpr to MLIR module conversion jit(integer_pow) in 0.002503872 sec
W0519 02:41:12.613665 1811452 pjrt_executable.cc:642] Assume version compatibility. PjRt-IFRT does not track XLA executable versions.
Persistent compilation cache hit for 'jit_integer_pow' with key 'jit_integer_pow-564b3db156d22264c3d87842cd08a18fa21dd922f71de3f834da37f474d3f49d'
Finished XLA compilation of jit(integer_pow) in 0.001768112 sec
Finished tracing + transforming integer_pow for pjit in 0.000134230 sec
Compiling jit(integer_pow) with global shapes and types (ShapedArray(float32[30], weak_type=True),). Argument mapping: (UnspecifiedValue,).
Finished jaxpr to MLIR module conversion jit(integer_pow) in 0.002441645 sec
W0519 02:41:12.623381 1811452 pjrt_executable.cc:642] Assume version compatibility. PjRt-IFRT does not track XLA executable versions.
Persistent compilation cache hit for 'jit_integer_pow' with key 'jit_integer_pow-1435c9b2dd26a31b54ce0b477c9af1bc4965ceb3dd9cd0bee293831c04bbb880'
Finished XLA compilation of jit(integer_pow) in 0.006173134 sec
Finished tracing + transforming mul for pjit in 0.000138044 sec
Compiling jit(mul) with global shapes and types (ShapedArray(float32[]), ShapedArray(float32[30], weak_type=True)). Argument mapping: (UnspecifiedValue, UnspecifiedValue).
Finished jaxpr to MLIR module conversion jit(mul) in 0.002558470 sec
W0519 02:41:12.628711 1811452 pjrt_executable.cc:642] Assume version compatibility. PjRt-IFRT does not track XLA executable versions.
Persistent compilation cache hit for 'jit_mul' with key 'jit_mul-e624589afdd4d1e329ed8242ffb1cf3cf60bb7bd4ef0db303588ed065a5e6cec'
Finished XLA compilation of jit(mul) in 0.001809120 sec
Finished tracing + transforming multiply for pjit in 0.000169992 sec
Compiling jit(multiply) with global shapes and types (ShapedArray(float32[], weak_type=True), ShapedArray(float32[30], weak_type=True)). Argument mapping: (UnspecifiedValue, UnspecifiedValue).
Finished jaxpr to MLIR module conversion jit(multiply) in 0.002478838 sec
W0519 02:41:12.635083 1811452 pjrt_executable.cc:642] Assume version compatibility. PjRt-IFRT does not track XLA executable versions.
Persistent compilation cache hit for 'jit_multiply' with key 'jit_multiply-fce09806453c578cf823c51584cc8add5dfa07fb1b36ae7d7410785b033be32d'
Finished XLA compilation of jit(multiply) in 0.001713276 sec
Finished tracing + transforming convert_element_type for pjit in 0.000126362 sec
Compiling jit(convert_element_type) with global shapes and types (ShapedArray(float32[]),). Argument mapping: (UnspecifiedValue,).
Finished jaxpr to MLIR module conversion jit(convert_element_type) in 0.002354860 sec
W0519 02:41:12.641170 1811452 pjrt_executable.cc:642] Assume version compatibility. PjRt-IFRT does not track XLA executable versions.
Persistent compilation cache hit for 'jit_convert_element_type' with key 'jit_convert_element_type-d7edf02dfb286f0e5e584284eb5f668144252b2fa2d4f078279a3778ef8f6430'
Finished XLA compilation of jit(convert_element_type) in 0.002006769 sec
Compiling jit(multiply) with global shapes and types (ShapedArray(float32[], weak_type=True), ShapedArray(float32[])). Argument mapping: (UnspecifiedValue, UnspecifiedValue).
Finished jaxpr to MLIR module conversion jit(multiply) in 0.002516508 sec
W0519 02:41:12.647409 1811452 pjrt_executable.cc:642] Assume version compatibility. PjRt-IFRT does not track XLA executable versions.
Persistent compilation cache hit for 'jit_multiply' with key 'jit_multiply-ec90a01af6c399ac9708ae1e22fafe611dbe71f56744ef9d3bb55ada89bfffb0'
Finished XLA compilation of jit(multiply) in 0.002980232 sec
Finished tracing + transforming abs for pjit in 0.000141144 sec
Compiling jit(abs) with global shapes and types (ShapedArray(float32[]),). Argument mapping: (UnspecifiedValue,).
Finished jaxpr to MLIR module conversion jit(abs) in 0.002401352 sec
W0519 02:41:12.652904 1811452 pjrt_executable.cc:642] Assume version compatibility. PjRt-IFRT does not track XLA executable versions.
Persistent compilation cache hit for 'jit_abs' with key 'jit_abs-bb45b7d1bd45d561ed6cb7cd7063c03d20cbd2df8ad24172e161088f484c75b2'
Finished XLA compilation of jit(abs) in 0.001846075 sec
Finished tracing + transforming lt for pjit in 0.000175238 sec
Compiling jit(lt) with global shapes and types (ShapedArray(float32[]), ShapedArray(float32[])). Argument mapping: (UnspecifiedValue, UnspecifiedValue).
Finished jaxpr to MLIR module conversion jit(lt) in 0.002430439 sec
W0519 02:41:12.658220 1811452 pjrt_executable.cc:642] Assume version compatibility. PjRt-IFRT does not track XLA executable versions.
Persistent compilation cache hit for 'jit_lt' with key 'jit_lt-6d698990dc8cad0694ab20abfd2b75c276931a9b27def0893066da1bd532ec4d'
Finished XLA compilation of jit(lt) in 0.001783133 sec
Finished tracing + transforming erf for pjit in 0.000120640 sec
Compiling jit(erf) with global shapes and types (ShapedArray(float32[]),). Argument mapping: (UnspecifiedValue,).
Finished jaxpr to MLIR module conversion jit(erf) in 0.003222227 sec
W0519 02:41:12.664363 1811452 pjrt_executable.cc:642] Assume version compatibility. PjRt-IFRT does not track XLA executable versions.
Persistent compilation cache hit for 'jit_erf' with key 'jit_erf-188aaa576d600b4ad1fcfc80639d72fa89b74e4f4a1c16fb251bbcaae4fb91b1'
Finished XLA compilation of jit(erf) in 0.001754999 sec
Compiling jit(add) with global shapes and types (ShapedArray(float32[]), ShapedArray(float32[])). Argument mapping: (UnspecifiedValue, UnspecifiedValue).
Finished jaxpr to MLIR module conversion jit(add) in 0.002395391 sec
W0519 02:41:12.669810 1811452 pjrt_executable.cc:642] Assume version compatibility. PjRt-IFRT does not track XLA executable versions.
Persistent compilation cache hit for 'jit_add' with key 'jit_add-dfaff009e9071c501bf60da81cfa10bc1fba0976dca5e097a04a668c0c1bb192'
Finished XLA compilation of jit(add) in 0.002266645 sec
Finished tracing + transforming gt for pjit in 0.000095606 sec
Compiling jit(gt) with global shapes and types (ShapedArray(float32[]), ShapedArray(float32[])). Argument mapping: (UnspecifiedValue, UnspecifiedValue).
Finished jaxpr to MLIR module conversion jit(gt) in 0.002404213 sec
W0519 02:41:12.675330 1811452 pjrt_executable.cc:642] Assume version compatibility. PjRt-IFRT does not track XLA executable versions.
Persistent compilation cache hit for 'jit_gt' with key 'jit_gt-e94af8f8f064b112b700c388831c2b1da917318c274404c3d7f227dee1e4a9e3'
Finished XLA compilation of jit(gt) in 0.001893520 sec
Finished tracing + transforming erfc for pjit in 0.000196218 sec
Compiling jit(erfc) with global shapes and types (ShapedArray(float32[]),). Argument mapping: (UnspecifiedValue,).
Finished jaxpr to MLIR module conversion jit(erfc) in 0.002362013 sec
W0519 02:41:12.680879 1811452 pjrt_executable.cc:642] Assume version compatibility. PjRt-IFRT does not track XLA executable versions.
Persistent compilation cache hit for 'jit_erfc' with key 'jit_erfc-bc3a5252e1435bfa2cc9d12f012c03d26952f66d9222fda65b1fce03624ff1a9'
Finished XLA compilation of jit(erfc) in 0.003166914 sec
Compiling jit(subtract) with global shapes and types (ShapedArray(float32[]), ShapedArray(float32[])). Argument mapping: (UnspecifiedValue, UnspecifiedValue).
Finished jaxpr to MLIR module conversion jit(subtract) in 0.002290249 sec
W0519 02:41:12.686925 1811452 pjrt_executable.cc:642] Assume version compatibility. PjRt-IFRT does not track XLA executable versions.
Persistent compilation cache hit for 'jit_subtract' with key 'jit_subtract-8105b15729f1afc51a7228affb3e5c8aec0a85b547a0801dd001f8bf3b7554dd'
Finished XLA compilation of jit(subtract) in 0.001745462 sec
Finished tracing + transforming select_n for pjit in 0.000102997 sec
Compiling jit(select_n) with global shapes and types (ShapedArray(bool[]), ShapedArray(float32[]), ShapedArray(float32[])). Argument mapping: (UnspecifiedValue, UnspecifiedValue, UnspecifiedValue).
Finished jaxpr to MLIR module conversion jit(select_n) in 0.002398491 sec
W0519 02:41:12.692464 1811452 pjrt_executable.cc:642] Assume version compatibility. PjRt-IFRT does not track XLA executable versions.
Persistent compilation cache hit for 'jit_select_n' with key 'jit_select_n-0b1697d62de2bc9607afdfbf11f095534ba7e76b33b19508150a89c51211cf4d'
Finished XLA compilation of jit(select_n) in 0.001877785 sec
Compiling jit(multiply) with global shapes and types (ShapedArray(float32[]), ShapedArray(float32[])). Argument mapping: (UnspecifiedValue, UnspecifiedValue).
Finished jaxpr to MLIR module conversion jit(multiply) in 0.002369165 sec
W0519 02:41:12.697059 1811452 pjrt_executable.cc:642] Assume version compatibility. PjRt-IFRT does not track XLA executable versions.
Persistent compilation cache hit for 'jit_multiply' with key 'jit_multiply-e4fa16bd3b8d9b96d9587ba9977aca7000ee92c5bce35d28d17023a05d2e6323'
Finished XLA compilation of jit(multiply) in 0.001185417 sec
Finished tracing + transforming log for pjit in 0.000172853 sec
Compiling jit(log) with global shapes and types (ShapedArray(float32[]),). Argument mapping: (UnspecifiedValue,).
Finished jaxpr to MLIR module conversion jit(log) in 0.003126383 sec
W0519 02:41:12.702597 1811452 pjrt_executable.cc:642] Assume version compatibility. PjRt-IFRT does not track XLA executable versions.
Persistent compilation cache hit for 'jit_log' with key 'jit_log-6c5ab3192d3a167faf2f2cf9ee2fbb9e38105543193d2761fad1de67255b9a0c'
Finished XLA compilation of jit(log) in 0.001224756 sec
Finished tracing + transforming subtract for pjit in 0.000253916 sec
Compiling jit(subtract) with global shapes and types (ShapedArray(float32[30], weak_type=True), ShapedArray(float32[])). Argument mapping: (UnspecifiedValue, UnspecifiedValue).
Finished jaxpr to MLIR module conversion jit(subtract) in 0.002548695 sec
W0519 02:41:12.708828 1811452 pjrt_executable.cc:642] Assume version compatibility. PjRt-IFRT does not track XLA executable versions.
Persistent compilation cache hit for 'jit_subtract' with key 'jit_subtract-e60f86fb78eb9819f6524de86da3a506be53953156d840c82069f4509a945ff9'
Finished XLA compilation of jit(subtract) in 0.001881599 sec
Finished tracing + transforming _reduce_sum for pjit in 0.001086950 sec
Compiling jit(_reduce_sum) with global shapes and types (ShapedArray(float32[30]),). Argument mapping: (UnspecifiedValue,).
Finished jaxpr to MLIR module conversion jit(_reduce_sum) in 0.002553701 sec
W0519 02:41:12.715799 1811452 pjrt_executable.cc:642] Assume version compatibility. PjRt-IFRT does not track XLA executable versions.
Persistent compilation cache hit for 'jit__reduce_sum' with key 'jit__reduce_sum-69874dfd331f51370707474dfa7948c5a087338fd72294236915069f0e572ac4'
Finished XLA compilation of jit(_reduce_sum) in 0.019915104 sec
Finished tracing + transforming _reduce_sum for pjit in 0.000247002 sec
Compiling jit(_reduce_sum) with global shapes and types (ShapedArray(float32[30], weak_type=True),). Argument mapping: (UnspecifiedValue,).
Finished jaxpr to MLIR module conversion jit(_reduce_sum) in 0.002319574 sec
W0519 02:41:12.743435 1811452 pjrt_executable.cc:642] Assume version compatibility. PjRt-IFRT does not track XLA executable versions.
Persistent compilation cache hit for 'jit__reduce_sum' with key 'jit__reduce_sum-6f5767def6134c34b741610e90ca0e6be5cad4ba3c25dd4d019e9a5601440908'
Finished XLA compilation of jit(_reduce_sum) in 0.009419441 sec
Compiling jit(add) with global shapes and types (ShapedArray(float32[]), ShapedArray(float32[])). Argument mapping: (UnspecifiedValue, UnspecifiedValue).
Finished jaxpr to MLIR module conversion jit(add) in 0.002071381 sec
W0519 02:41:12.756469 1811452 pjrt_executable.cc:642] Assume version compatibility. PjRt-IFRT does not track XLA executable versions.
Persistent compilation cache hit for 'jit_add' with key 'jit_add-ca62570515e59edcd1d222a81aeea0ba6164f6d45057746fe10b905d0f8a2c40'
Finished XLA compilation of jit(add) in 0.001840115 sec
Finished tracing + transforming dynamic_slice for pjit in 0.000151396 sec
Compiling jit(dynamic_slice) with global shapes and types (ShapedArray(float32[30,420,3]), ShapedArray(int32[], weak_type=True), ShapedArray(int32[], weak_type=True), ShapedArray(int32[], weak_type=True)). Argument mapping: (UnspecifiedValue, UnspecifiedValue, UnspecifiedValue, UnspecifiedValue).
Finished jaxpr to MLIR module conversion jit(dynamic_slice) in 0.002440214 sec
W0519 02:41:12.766692 1811452 pjrt_executable.cc:642] Assume version compatibility. PjRt-IFRT does not track XLA executable versions.
Persistent compilation cache hit for 'jit_dynamic_slice' with key 'jit_dynamic_slice-dfcd564f3b3c9e2637efe7f9f205aa0926e4268ab92732ed6e40cb379a95a2df'
Finished XLA compilation of jit(dynamic_slice) in 0.002641678 sec
Finished tracing + transforming dynamic_slice for pjit in 0.000141621 sec
Compiling jit(dynamic_slice) with global shapes and types (ShapedArray(int32[30,420,3]), ShapedArray(int32[], weak_type=True), ShapedArray(int32[], weak_type=True), ShapedArray(int32[], weak_type=True)). Argument mapping: (UnspecifiedValue, UnspecifiedValue, UnspecifiedValue, UnspecifiedValue).
Finished jaxpr to MLIR module conversion jit(dynamic_slice) in 0.002492666 sec
W0519 02:41:12.773964 1811452 pjrt_executable.cc:642] Assume version compatibility. PjRt-IFRT does not track XLA executable versions.
Persistent compilation cache hit for 'jit_dynamic_slice' with key 'jit_dynamic_slice-6ecad37149b8b0f645a6d01ef78e27fdae506e7d73916ee004d0e1ce0e94a96c'
Finished XLA compilation of jit(dynamic_slice) in 0.002012968 sec
Finished tracing + transforming squeeze for pjit in 0.000126600 sec
Compiling jit(squeeze) with global shapes and types (ShapedArray(int32[30,420,1]),). Argument mapping: (UnspecifiedValue,).
Finished jaxpr to MLIR module conversion jit(squeeze) in 0.002730370 sec
W0519 02:41:12.780107 1811452 pjrt_executable.cc:642] Assume version compatibility. PjRt-IFRT does not track XLA executable versions.
Persistent compilation cache hit for 'jit_squeeze' with key 'jit_squeeze-ccdce4e5930b43e828376139426595c9211799665f8ec4cb54ec51941ba15ae3'
Finished XLA compilation of jit(squeeze) in 0.001684427 sec
Finished tracing + transforming broadcast_in_dim for pjit in 0.000156403 sec
Compiling jit(broadcast_in_dim) with global shapes and types (ShapedArray(float32[]),). Argument mapping: (UnspecifiedValue,).
Finished jaxpr to MLIR module conversion jit(broadcast_in_dim) in 0.002639055 sec
W0519 02:41:12.787750 1811452 pjrt_executable.cc:642] Assume version compatibility. PjRt-IFRT does not track XLA executable versions.
Persistent compilation cache hit for 'jit_broadcast_in_dim' with key 'jit_broadcast_in_dim-23f5bc7e68bd44aa316baab953b6ea3d14da14067ebffd9a793fdb788e0d9f73'
Finished XLA compilation of jit(broadcast_in_dim) in 0.002181768 sec
Finished tracing + transforming isfinite for pjit in 0.000150204 sec
Finished tracing + transforming _reduce_all for pjit in 0.000249386 sec
Finished tracing + transforming _broadcast_arrays for pjit in 0.000056267 sec
Finished tracing + transforming _where for pjit in 0.000413656 sec
Finished tracing + transforming transpose for pjit in 0.000159264 sec
Compiling jit(transpose) with global shapes and types (ShapedArray(float32[30,420,1]),). Argument mapping: (UnspecifiedValue,).
Finished jaxpr to MLIR module conversion jit(transpose) in 0.003197432 sec
W0519 02:41:13.048658 1811452 pjrt_executable.cc:642] Assume version compatibility. PjRt-IFRT does not track XLA executable versions.
Persistent compilation cache hit for 'jit_transpose' with key 'jit_transpose-81af33c6ae36ab525b26206888ef7734a0a42057f9d81b2051c71b0974ae8a82'
Finished XLA compilation of jit(transpose) in 0.002408504 sec
Finished tracing + transforming transpose for pjit in 0.000131130 sec
Compiling jit(transpose) with global shapes and types (ShapedArray(int32[30,420]),). Argument mapping: (UnspecifiedValue,).
Finished jaxpr to MLIR module conversion jit(transpose) in 0.002450466 sec
W0519 02:41:13.054857 1811452 pjrt_executable.cc:642] Assume version compatibility. PjRt-IFRT does not track XLA executable versions.
Persistent compilation cache hit for 'jit_transpose' with key 'jit_transpose-12eaf8b97443e12214417e49ad69481546794898e2c817f3b997f0947ef45ffc'
Finished XLA compilation of jit(transpose) in 0.023855925 sec
Compiling jit(beliefs_propagation) with global shapes and types (). Argument mapping: ().
Finished jaxpr to MLIR module conversion jit(beliefs_propagation) in 0.007133961 sec
W0519 02:41:13.729657 1811452 pjrt_executable.cc:642] Assume version compatibility. PjRt-IFRT does not track XLA executable versions.
Persistent compilation cache hit for 'jit_beliefs_propagation' with key 'jit_beliefs_propagation-2324b3b2a5d1a9ff1cc0954683db9929f4dedc39bfbf10b415927c0c3d336369'
Finished XLA compilation of jit(beliefs_propagation) in 0.003396273 sec
Finished tracing + transforming reduce_and for pjit in 0.000100851 sec
Compiling jit(reduce_and) with global shapes and types (ShapedArray(bool[]),). Argument mapping: (UnspecifiedValue,).
Finished jaxpr to MLIR module conversion jit(reduce_and) in 0.002135992 sec
W0519 02:41:13.736869 1811452 pjrt_executable.cc:642] Assume version compatibility. PjRt-IFRT does not track XLA executable versions.
Persistent compilation cache hit for 'jit_reduce_and' with key 'jit_reduce_and-3fa2ae0d3388c313ede5bb0d9e7024b70fec184ea384c982b79746a8d097d598'
Finished XLA compilation of jit(reduce_and) in 0.001833200 sec
Finished tracing + transforming broadcast_in_dim for pjit in 0.000159264 sec
Compiling jit(broadcast_in_dim) with global shapes and types (ShapedArray(bool[]),). Argument mapping: (UnspecifiedValue,).
Finished jaxpr to MLIR module conversion jit(broadcast_in_dim) in 0.001962185 sec
W0519 02:41:13.747669 1811452 pjrt_executable.cc:642] Assume version compatibility. PjRt-IFRT does not track XLA executable versions.
Persistent compilation cache hit for 'jit_broadcast_in_dim' with key 'jit_broadcast_in_dim-8ade7c055f7b1e882adfd9f2191da8c5d264df8f326e1edfaa624f38cc7d51a5'
Finished XLA compilation of jit(broadcast_in_dim) in 0.001698971 sec
Finished tracing + transforming broadcast_in_dim for pjit in 0.000129223 sec
Compiling jit(broadcast_in_dim) with global shapes and types (ShapedArray(bool[1]),). Argument mapping: (UnspecifiedValue,).
Finished jaxpr to MLIR module conversion jit(broadcast_in_dim) in 0.002382278 sec
W0519 02:41:13.755639 1811452 pjrt_executable.cc:642] Assume version compatibility. PjRt-IFRT does not track XLA executable versions.
Persistent compilation cache hit for 'jit_broadcast_in_dim' with key 'jit_broadcast_in_dim-244745e24e28ed0100980dd57328856f154b12fb736411d5050d063d33a676c6'
Finished XLA compilation of jit(broadcast_in_dim) in 0.001812220 sec
Compiling jit(_where) with global shapes and types (). Argument mapping: ().
Finished jaxpr to MLIR module conversion jit(_where) in 0.002150774 sec
W0519 02:41:13.762820 1811452 pjrt_executable.cc:642] Assume version compatibility. PjRt-IFRT does not track XLA executable versions.
Persistent compilation cache hit for 'jit__where' with key 'jit__where-b08da12c4170559e83bfd968cf933177fb71dbfaf02c6e8266b0973323ba9ea8'
Finished XLA compilation of jit(_where) in 0.001670361 sec
Compiling jit(_where) with global shapes and types (). Argument mapping: ().
Finished jaxpr to MLIR module conversion jit(_where) in 0.002132893 sec
W0519 02:41:13.767398 1811452 pjrt_executable.cc:642] Assume version compatibility. PjRt-IFRT does not track XLA executable versions.
Persistent compilation cache hit for 'jit__where' with key 'jit__where-b08da12c4170559e83bfd968cf933177fb71dbfaf02c6e8266b0973323ba9ea8'
Finished XLA compilation of jit(_where) in 0.001091480 sec
Compiling jit(_where) with global shapes and types (). Argument mapping: ().
Finished jaxpr to MLIR module conversion jit(_where) in 0.002143621 sec
W0519 02:41:13.772301 1811452 pjrt_executable.cc:642] Assume version compatibility. PjRt-IFRT does not track XLA executable versions.
Persistent compilation cache hit for 'jit__where' with key 'jit__where-b08da12c4170559e83bfd968cf933177fb71dbfaf02c6e8266b0973323ba9ea8'
Finished XLA compilation of jit(_where) in 0.001432419 sec
Compiling jit(_where) with global shapes and types (). Argument mapping: ().
Finished jaxpr to MLIR module conversion jit(_where) in 0.002137423 sec
W0519 02:41:13.776850 1811452 pjrt_executable.cc:642] Assume version compatibility. PjRt-IFRT does not track XLA executable versions.
Persistent compilation cache hit for 'jit__where' with key 'jit__where-b08da12c4170559e83bfd968cf933177fb71dbfaf02c6e8266b0973323ba9ea8'
Finished XLA compilation of jit(_where) in 0.001126051 sec
Compiling jit(_where) with global shapes and types (). Argument mapping: ().
Finished jaxpr to MLIR module conversion jit(_where) in 0.002109289 sec
W0519 02:41:13.781749 1811452 pjrt_executable.cc:642] Assume version compatibility. PjRt-IFRT does not track XLA executable versions.
Persistent compilation cache hit for 'jit__where' with key 'jit__where-b08da12c4170559e83bfd968cf933177fb71dbfaf02c6e8266b0973323ba9ea8'
Finished XLA compilation of jit(_where) in 0.001152992 sec
Compiling jit(_where) with global shapes and types (). Argument mapping: ().
Finished jaxpr to MLIR module conversion jit(_where) in 0.002112150 sec
W0519 02:41:13.786284 1811452 pjrt_executable.cc:642] Assume version compatibility. PjRt-IFRT does not track XLA executable versions.
Persistent compilation cache hit for 'jit__where' with key 'jit__where-b08da12c4170559e83bfd968cf933177fb71dbfaf02c6e8266b0973323ba9ea8'
Finished XLA compilation of jit(_where) in 0.001189709 sec
Compiling jit(_where) with global shapes and types (). Argument mapping: ().
Finished jaxpr to MLIR module conversion jit(_where) in 0.002128839 sec
W0519 02:41:13.791092 1811452 pjrt_executable.cc:642] Assume version compatibility. PjRt-IFRT does not track XLA executable versions.
Persistent compilation cache hit for 'jit__where' with key 'jit__where-b08da12c4170559e83bfd968cf933177fb71dbfaf02c6e8266b0973323ba9ea8'
Finished XLA compilation of jit(_where) in 0.001127005 sec
Compiling jit(_where) with global shapes and types (). Argument mapping: ().
Finished jaxpr to MLIR module conversion jit(_where) in 0.002117157 sec
W0519 02:41:13.795744 1811452 pjrt_executable.cc:642] Assume version compatibility. PjRt-IFRT does not track XLA executable versions.
Persistent compilation cache hit for 'jit__where' with key 'jit__where-b08da12c4170559e83bfd968cf933177fb71dbfaf02c6e8266b0973323ba9ea8'
Finished XLA compilation of jit(_where) in 0.001117706 sec
Finished tracing + transforming scan for pjit in 0.002015352 sec
Compiling jit(scan) with global shapes and types (ShapedArray(float32[30]), ShapedArray(float32[30]), ShapedArray(float32[30]), ShapedArray(float32[30]), ShapedArray(float32[30]), ShapedArray(float32[30]), ShapedArray(bool[30,1]), ShapedArray(bool[30,1]), ShapedArray(bool[30,1]), ShapedArray(bool[30,1]), ShapedArray(bool[30,1]), ShapedArray(bool[30,1]), ShapedArray(float32[30], weak_type=True), ShapedArray(float32[30], weak_type=True), ShapedArray(float32[30], weak_type=True), ShapedArray(float32[30]), ShapedArray(int32[30], weak_type=True), ShapedArray(float32[30], weak_type=True), ShapedArray(float32[30], weak_type=True), ShapedArray(float32[30,1]), ShapedArray(float32[30], weak_type=True), ShapedArray(float32[30], weak_type=True), ShapedArray(float32[30], weak_type=True), ShapedArray(float32[30], weak_type=True), ShapedArray(int32[30], weak_type=True), ShapedArray(float32[30], weak_type=True), ShapedArray(float32[30], weak_type=True), ShapedArray(float32[30], weak_type=True), ShapedArray(float32[30], weak_type=True), ShapedArray(float32[30], weak_type=True), ShapedArray(float32[30], weak_type=True), ShapedArray(float32[30], weak_type=True), ShapedArray(float32[30,1]), ShapedArray(float32[30], weak_type=True), ShapedArray(float32[30], weak_type=True), ShapedArray(float32[30]), ShapedArray(int32[30], weak_type=True), ShapedArray(float32[30], weak_type=True), ShapedArray(float32[30], weak_type=True), ShapedArray(float32[30,1]), ShapedArray(float32[30], weak_type=True), ShapedArray(float32[30], weak_type=True), ShapedArray(float32[30], weak_type=True), ShapedArray(float32[30], weak_type=True), ShapedArray(int32[30], weak_type=True), ShapedArray(float32[30], weak_type=True), ShapedArray(float32[30], weak_type=True), ShapedArray(float32[30], weak_type=True), ShapedArray(float32[30], weak_type=True), ShapedArray(float32[30], weak_type=True), ShapedArray(float32[30], weak_type=True), ShapedArray(float32[30], weak_type=True), ShapedArray(float32[30,1]), ShapedArray(float32[30], weak_type=True), ShapedArray(float32[30], weak_type=True), ShapedArray(float32[30]), ShapedArray(int32[30], weak_type=True), ShapedArray(float32[30], weak_type=True), ShapedArray(float32[30], weak_type=True), ShapedArray(float32[30,1]), ShapedArray(float32[30], weak_type=True), ShapedArray(float32[30], weak_type=True), ShapedArray(float32[30], weak_type=True), ShapedArray(float32[30], weak_type=True), ShapedArray(int32[30], weak_type=True), ShapedArray(float32[30], weak_type=True), ShapedArray(float32[30], weak_type=True), ShapedArray(float32[30], weak_type=True), ShapedArray(float32[30], weak_type=True), ShapedArray(float32[30], weak_type=True), ShapedArray(float32[30], weak_type=True), ShapedArray(float32[30], weak_type=True), ShapedArray(float32[30,1]), ShapedArray(float32[420,30,1]), ShapedArray(float32[420,30,1]), ShapedArray(float32[420,30,1]), ShapedArray(int32[420,30]), ShapedArray(int32[420,30]), ShapedArray(int32[420,30]), ShapedArray(float32[420])). Argument mapping: (UnspecifiedValue, UnspecifiedValue, UnspecifiedValue, UnspecifiedValue, UnspecifiedValue, UnspecifiedValue, UnspecifiedValue, UnspecifiedValue, UnspecifiedValue, UnspecifiedValue, UnspecifiedValue, UnspecifiedValue, UnspecifiedValue, UnspecifiedValue, UnspecifiedValue, UnspecifiedValue, UnspecifiedValue, UnspecifiedValue, UnspecifiedValue, UnspecifiedValue, UnspecifiedValue, UnspecifiedValue, UnspecifiedValue, UnspecifiedValue, UnspecifiedValue, UnspecifiedValue, UnspecifiedValue, UnspecifiedValue, UnspecifiedValue, UnspecifiedValue, UnspecifiedValue, UnspecifiedValue, UnspecifiedValue, UnspecifiedValue, UnspecifiedValue, UnspecifiedValue, UnspecifiedValue, UnspecifiedValue, UnspecifiedValue, UnspecifiedValue, UnspecifiedValue, UnspecifiedValue, UnspecifiedValue, UnspecifiedValue, UnspecifiedValue, UnspecifiedValue, UnspecifiedValue, UnspecifiedValue, UnspecifiedValue, UnspecifiedValue, UnspecifiedValue, UnspecifiedValue, UnspecifiedValue, UnspecifiedValue, UnspecifiedValue, UnspecifiedValue, UnspecifiedValue, UnspecifiedValue, UnspecifiedValue, UnspecifiedValue, UnspecifiedValue, UnspecifiedValue, UnspecifiedValue, UnspecifiedValue, UnspecifiedValue, UnspecifiedValue, UnspecifiedValue, UnspecifiedValue, UnspecifiedValue, UnspecifiedValue, UnspecifiedValue, UnspecifiedValue, UnspecifiedValue, UnspecifiedValue, UnspecifiedValue, UnspecifiedValue, UnspecifiedValue, UnspecifiedValue, UnspecifiedValue, UnspecifiedValue).
Finished jaxpr to MLIR module conversion jit(scan) in 0.096842289 sec
W0519 02:41:13.921403 1811452 pjrt_executable.cc:642] Assume version compatibility. PjRt-IFRT does not track XLA executable versions.
Persistent compilation cache hit for 'jit_scan' with key 'jit_scan-17384d47300d55bb53eac30a7d198b37cd2288f9a47d8c91e8a6d68c765e164c'
Finished XLA compilation of jit(scan) in 0.109142303 sec
Finished tracing + transforming transpose for pjit in 0.000149012 sec
Compiling jit(transpose) with global shapes and types (ShapedArray(float32[420,30]),). Argument mapping: (UnspecifiedValue,).
Finished jaxpr to MLIR module conversion jit(transpose) in 0.002582788 sec
W0519 02:41:14.101789 1811452 pjrt_executable.cc:642] Assume version compatibility. PjRt-IFRT does not track XLA executable versions.
Persistent compilation cache hit for 'jit_transpose' with key 'jit_transpose-53c44ddcb1b267dca067d35ea4684567e1f2c338773985b42636a643348a3f43'
Finished XLA compilation of jit(transpose) in 0.002274275 sec
Finished tracing + transforming broadcast_in_dim for pjit in 0.000131130 sec
Compiling jit(broadcast_in_dim) with global shapes and types (ShapedArray(float32[30,420]),). Argument mapping: (UnspecifiedValue,).
Finished jaxpr to MLIR module conversion jit(broadcast_in_dim) in 0.001947165 sec
W0519 02:41:14.107603 1811452 pjrt_executable.cc:642] Assume version compatibility. PjRt-IFRT does not track XLA executable versions.
Persistent compilation cache hit for 'jit_broadcast_in_dim' with key 'jit_broadcast_in_dim-18b3dd20013e474549d2ec6409003c1e49ebe8cf2cdb0b238d9f7882930dcc1b'
Finished XLA compilation of jit(broadcast_in_dim) in 0.001786947 sec
Finished tracing + transforming concatenate for pjit in 0.000132561 sec
Compiling jit(concatenate) with global shapes and types (ShapedArray(float32[30,420,1]), ShapedArray(float32[30,420,1]), ShapedArray(float32[30,420,1])). Argument mapping: (UnspecifiedValue, UnspecifiedValue, UnspecifiedValue).
Finished jaxpr to MLIR module conversion jit(concatenate) in 0.001984835 sec
W0519 02:41:14.115670 1811452 pjrt_executable.cc:642] Assume version compatibility. PjRt-IFRT does not track XLA executable versions.
Persistent compilation cache hit for 'jit_concatenate' with key 'jit_concatenate-f4e757fadf06fe76131756b93e64fd14debe4931ce04abeedf33c5c512d5343a'
Finished XLA compilation of jit(concatenate) in 0.002012730 sec
Finished tracing + transforming convert_element_type for pjit in 0.000112295 sec
Compiling jit(convert_element_type) with global shapes and types (ShapedArray(int32[1]),). Argument mapping: (UnspecifiedValue,).
Finished jaxpr to MLIR module conversion jit(convert_element_type) in 0.002098083 sec
W0519 02:41:14.121160 1811452 pjrt_executable.cc:642] Assume version compatibility. PjRt-IFRT does not track XLA executable versions.
Persistent compilation cache hit for 'jit_convert_element_type' with key 'jit_convert_element_type-6d8abb4447ff228cd6421d13799a672f13095e6d0df64b70cf9f56ea4e06b333'
Finished XLA compilation of jit(convert_element_type) in 0.001700640 sec
Finished tracing + transforming dynamic_slice for pjit in 0.000148296 sec
Compiling jit(dynamic_slice) with global shapes and types (ShapedArray(int32[30,420]), ShapedArray(int32[], weak_type=True), ShapedArray(int32[], weak_type=True)). Argument mapping: (UnspecifiedValue, UnspecifiedValue, UnspecifiedValue).
Finished jaxpr to MLIR module conversion jit(dynamic_slice) in 0.001953125 sec
W0519 02:41:14.126232 1811452 pjrt_executable.cc:642] Assume version compatibility. PjRt-IFRT does not track XLA executable versions.
Persistent compilation cache hit for 'jit_dynamic_slice' with key 'jit_dynamic_slice-bb8d787a7ac4b6188c8b5d9d1e22bf715c14ffa832f3ea006ac28608cc8b9e49'
Finished XLA compilation of jit(dynamic_slice) in 0.001699209 sec
Finished tracing + transforming broadcast_in_dim for pjit in 0.000138521 sec
Compiling jit(broadcast_in_dim) with global shapes and types (ShapedArray(int32[1]),). Argument mapping: (UnspecifiedValue,).
Finished jaxpr to MLIR module conversion jit(broadcast_in_dim) in 0.002357244 sec
W0519 02:41:14.132033 1811452 pjrt_executable.cc:642] Assume version compatibility. PjRt-IFRT does not track XLA executable versions.
Persistent compilation cache hit for 'jit_broadcast_in_dim' with key 'jit_broadcast_in_dim-7f568e425ee7b828eee7fceac8e75162c0303bf0a35d0c8112e92b9c0d9b6d8c'
Finished XLA compilation of jit(broadcast_in_dim) in 0.001719236 sec
Finished tracing + transforming concatenate for pjit in 0.000141859 sec
Compiling jit(concatenate) with global shapes and types (ShapedArray(int32[30,1]), ShapedArray(int32[30,419])). Argument mapping: (UnspecifiedValue, UnspecifiedValue).
Finished jaxpr to MLIR module conversion jit(concatenate) in 0.002331972 sec
W0519 02:41:14.137132 1811452 pjrt_executable.cc:642] Assume version compatibility. PjRt-IFRT does not track XLA executable versions.
Persistent compilation cache hit for 'jit_concatenate' with key 'jit_concatenate-81b6c7e556200f90f372ae4ddb565f365f8dd3d8b5aac957adce7d4c6051fcc1'
Finished XLA compilation of jit(concatenate) in 0.001679897 sec
Finished tracing + transforming broadcast_in_dim for pjit in 0.000128269 sec
Compiling jit(broadcast_in_dim) with global shapes and types (ShapedArray(int32[30,420]),). Argument mapping: (UnspecifiedValue,).
Finished jaxpr to MLIR module conversion jit(broadcast_in_dim) in 0.002379417 sec
W0519 02:41:14.142439 1811452 pjrt_executable.cc:642] Assume version compatibility. PjRt-IFRT does not track XLA executable versions.
Persistent compilation cache hit for 'jit_broadcast_in_dim' with key 'jit_broadcast_in_dim-84712fbc452a3c98e82186c646703ef6a5163242272867745350da0a1852eaea'
Finished XLA compilation of jit(broadcast_in_dim) in 0.001516104 sec
Finished tracing + transforming iota for pjit in 0.000087738 sec
Compiling jit(iota) with global shapes and types (). Argument mapping: ().
Finished jaxpr to MLIR module conversion jit(iota) in 0.001938105 sec
W0519 02:41:14.146893 1811452 pjrt_executable.cc:642] Assume version compatibility. PjRt-IFRT does not track XLA executable versions.
Persistent compilation cache hit for 'jit_iota' with key 'jit_iota-1634ae6220af2ec03e7528a27741037cff310c484a1ff8f810777c19a1b224f7'
Finished XLA compilation of jit(iota) in 0.001577139 sec
Finished tracing + transforming broadcast_in_dim for pjit in 0.000659466 sec
Compiling jit(broadcast_in_dim) with global shapes and types (ShapedArray(int32[3]),). Argument mapping: (UnspecifiedValue,).
Finished jaxpr to MLIR module conversion jit(broadcast_in_dim) in 0.002215147 sec
W0519 02:41:14.152780 1811452 pjrt_executable.cc:642] Assume version compatibility. PjRt-IFRT does not track XLA executable versions.
Persistent compilation cache hit for 'jit_broadcast_in_dim' with key 'jit_broadcast_in_dim-ede76637280aacf050f644ccf7d2ce09abcdedd52b39dc4d926b4c50ed087e52'
Finished XLA compilation of jit(broadcast_in_dim) in 0.001953602 sec
Finished tracing + transforming equal for pjit in 0.000192165 sec
Compiling jit(equal) with global shapes and types (ShapedArray(int32[30,420,1]), ShapedArray(int32[1,3])). Argument mapping: (UnspecifiedValue, UnspecifiedValue).
Finished jaxpr to MLIR module conversion jit(equal) in 0.002437592 sec
W0519 02:41:14.158383 1811452 pjrt_executable.cc:642] Assume version compatibility. PjRt-IFRT does not track XLA executable versions.
Persistent compilation cache hit for 'jit_equal' with key 'jit_equal-8078b5bf65cc5900e20d4af0d7fc4d9fc2ae6929bb7773c9e1bc50ccc593772b'
Finished XLA compilation of jit(equal) in 0.001866341 sec
Finished tracing + transforming convert_element_type for pjit in 0.000122786 sec
Compiling jit(convert_element_type) with global shapes and types (ShapedArray(bool[30,420,3]),). Argument mapping: (UnspecifiedValue,).
Finished jaxpr to MLIR module conversion jit(convert_element_type) in 0.001901150 sec
W0519 02:41:14.163344 1811452 pjrt_executable.cc:642] Assume version compatibility. PjRt-IFRT does not track XLA executable versions.
Persistent compilation cache hit for 'jit_convert_element_type' with key 'jit_convert_element_type-f5591879dc4e952bcf5052e1a5b1a37b42bbe09974c903109dc826c8d2136db8'
Finished XLA compilation of jit(convert_element_type) in 0.001674175 sec
Finished tracing + transforming multiply for pjit in 0.000201464 sec
Compiling jit(multiply) with global shapes and types (ShapedArray(float32[30], weak_type=True), ShapedArray(float32[30,420,3])). Argument mapping: (UnspecifiedValue, UnspecifiedValue).
Finished jaxpr to MLIR module conversion jit(multiply) in 0.003150225 sec
W0519 02:41:14.171171 1811452 pjrt_executable.cc:642] Assume version compatibility. PjRt-IFRT does not track XLA executable versions.
Persistent compilation cache hit for 'jit_multiply' with key 'jit_multiply-80eda44928fcc5e93470c01f5aa02c390a4ae255eed73eae5a1b0627a338396f'
Finished XLA compilation of jit(multiply) in 0.001909018 sec
Compiling jit(multiply) with global shapes and types (ShapedArray(float32[30], weak_type=True), ShapedArray(float32[30,420,3])). Argument mapping: (UnspecifiedValue, UnspecifiedValue).
Finished jaxpr to MLIR module conversion jit(multiply) in 0.003051281 sec
W0519 02:41:14.178353 1811452 pjrt_executable.cc:642] Assume version compatibility. PjRt-IFRT does not track XLA executable versions.
Persistent compilation cache hit for 'jit_multiply' with key 'jit_multiply-a138ecddeb6238bc497acbdd03e5ed3d17961a1f7bd1b0209d1cb379597b2f33'
Finished XLA compilation of jit(multiply) in 0.001711607 sec
Finished tracing + transforming add for pjit in 0.000169277 sec
Compiling jit(add) with global shapes and types (ShapedArray(float32[30,420,3]), ShapedArray(float32[30,420,3])). Argument mapping: (UnspecifiedValue, UnspecifiedValue).
Finished jaxpr to MLIR module conversion jit(add) in 0.002058983 sec
W0519 02:41:14.184061 1811452 pjrt_executable.cc:642] Assume version compatibility. PjRt-IFRT does not track XLA executable versions.
Persistent compilation cache hit for 'jit_add' with key 'jit_add-8e8d334ef24fc9f845197ea22568df67b81b67b719779a61bbed32ce02776ab2'
Finished XLA compilation of jit(add) in 0.001643419 sec
Finished tracing + transforming _reduce_max for pjit in 0.000408649 sec
Finished tracing + transforming subtract for pjit in 0.000149250 sec
Finished tracing + transforming exp for pjit in 0.000210524 sec
Finished tracing + transforming _reduce_sum for pjit in 0.000270844 sec
Finished tracing + transforming log for pjit in 0.000122547 sec
Finished tracing + transforming log_softmax for pjit in 0.002287149 sec
Compiling jit(log_softmax) with global shapes and types (ShapedArray(float32[30,420,3]),). Argument mapping: (UnspecifiedValue,).
Finished jaxpr to MLIR module conversion jit(log_softmax) in 0.004120111 sec
W0519 02:41:14.198752 1811452 pjrt_executable.cc:642] Assume version compatibility. PjRt-IFRT does not track XLA executable versions.
Persistent compilation cache hit for 'jit_log_softmax' with key 'jit_log_softmax-7a596cfdeec8413271f377f6d0653be4504b183e2c7e747623dc323720022c35'
Finished XLA compilation of jit(log_softmax) in 0.056286335 sec
Finished tracing + transforming iota for pjit in 0.000147820 sec
Compiling jit(iota) with global shapes and types (). Argument mapping: ().
Finished jaxpr to MLIR module conversion jit(iota) in 0.002434015 sec
W0519 02:41:14.258661 1811452 pjrt_executable.cc:642] Assume version compatibility. PjRt-IFRT does not track XLA executable versions.
Persistent compilation cache hit for 'jit_iota' with key 'jit_iota-bd5d62560f61913fa7fcfc9efdb242d3637721b6e9803cbb49de5510380c5baf'
Finished XLA compilation of jit(iota) in 0.001937628 sec
Finished tracing + transforming less for pjit in 0.000237226 sec
Compiling jit(less) with global shapes and types (ShapedArray(int32[420]), ShapedArray(int32[], weak_type=True)). Argument mapping: (UnspecifiedValue, UnspecifiedValue).
Finished jaxpr to MLIR module conversion jit(less) in 0.002321482 sec
W0519 02:41:14.264909 1811452 pjrt_executable.cc:642] Assume version compatibility. PjRt-IFRT does not track XLA executable versions.
Persistent compilation cache hit for 'jit_less' with key 'jit_less-80d7f008b2344fc3ca4b5754d0e25a99270a26ed59c72a7380f07abd2fc89c87'
Finished XLA compilation of jit(less) in 0.002089024 sec
Finished tracing + transforming add for pjit in 0.000141382 sec
Compiling jit(add) with global shapes and types (ShapedArray(int32[420]), ShapedArray(int32[])). Argument mapping: (UnspecifiedValue, UnspecifiedValue).
Finished jaxpr to MLIR module conversion jit(add) in 0.002502203 sec
W0519 02:41:14.270784 1811452 pjrt_executable.cc:642] Assume version compatibility. PjRt-IFRT does not track XLA executable versions.
Persistent compilation cache hit for 'jit_add' with key 'jit_add-7372f3ca7089ebcd44c2652293866169e450fae5de54abaa0a68308e3ca4c6d9'
Finished XLA compilation of jit(add) in 0.001909494 sec
Finished tracing + transforming select_n for pjit in 0.000137568 sec
Compiling jit(select_n) with global shapes and types (ShapedArray(bool[420]), ShapedArray(int32[420]), ShapedArray(int32[420])). Argument mapping: (UnspecifiedValue, UnspecifiedValue, UnspecifiedValue).
Finished jaxpr to MLIR module conversion jit(select_n) in 0.002320290 sec
W0519 02:41:14.277106 1811452 pjrt_executable.cc:642] Assume version compatibility. PjRt-IFRT does not track XLA executable versions.
Persistent compilation cache hit for 'jit_select_n' with key 'jit_select_n-ac8bcc28b09c4c5c4f09414083b1708457efcfdf86ab9fe0d9c3e2483e722b0b'
Finished XLA compilation of jit(select_n) in 0.002396822 sec
Compiling jit(less) with global shapes and types (ShapedArray(int32[30,420]), ShapedArray(int32[], weak_type=True)). Argument mapping: (UnspecifiedValue, UnspecifiedValue).
Finished jaxpr to MLIR module conversion jit(less) in 0.002063274 sec
W0519 02:41:14.282375 1811452 pjrt_executable.cc:642] Assume version compatibility. PjRt-IFRT does not track XLA executable versions.
Persistent compilation cache hit for 'jit_less' with key 'jit_less-3b3436d8b3861415e63fa1bb5e5ddf8e1415d8ce1542fadeeec5c6bfe6287e41'
Finished XLA compilation of jit(less) in 0.001820803 sec
Finished tracing + transforming add for pjit in 0.000226736 sec
Compiling jit(add) with global shapes and types (ShapedArray(int32[30,420]), ShapedArray(int32[])). Argument mapping: (UnspecifiedValue, UnspecifiedValue).
Finished jaxpr to MLIR module conversion jit(add) in 0.002449989 sec
W0519 02:41:14.288421 1811452 pjrt_executable.cc:642] Assume version compatibility. PjRt-IFRT does not track XLA executable versions.
Persistent compilation cache hit for 'jit_add' with key 'jit_add-bc2c282efeb29243668568b0c5097d42569544cad8222bda4aab69f84abbfdd7'
Finished XLA compilation of jit(add) in 0.002168179 sec
Finished tracing + transforming select_n for pjit in 0.000136375 sec
Compiling jit(select_n) with global shapes and types (ShapedArray(bool[30,420]), ShapedArray(int32[30,420]), ShapedArray(int32[30,420])). Argument mapping: (UnspecifiedValue, UnspecifiedValue, UnspecifiedValue).
Finished jaxpr to MLIR module conversion jit(select_n) in 0.002549887 sec
W0519 02:41:14.294327 1811452 pjrt_executable.cc:642] Assume version compatibility. PjRt-IFRT does not track XLA executable versions.
Persistent compilation cache hit for 'jit_select_n' with key 'jit_select_n-15753c894bae7b8be40850c6c0927eb41bf12ce7804b4f89c746fa45a5f95e5e'
Finished XLA compilation of jit(select_n) in 0.001900673 sec
Finished tracing + transforming _broadcast_arrays for pjit in 0.000078917 sec
Compiling jit(_broadcast_arrays) with global shapes and types (ShapedArray(int32[420]), ShapedArray(int32[30,420])). Argument mapping: (UnspecifiedValue, UnspecifiedValue).
Finished jaxpr to MLIR module conversion jit(_broadcast_arrays) in 0.002451658 sec
W0519 02:41:14.300164 1811452 pjrt_executable.cc:642] Assume version compatibility. PjRt-IFRT does not track XLA executable versions.
Persistent compilation cache hit for 'jit__broadcast_arrays' with key 'jit__broadcast_arrays-40a5d6a551b802968f8eaa95cab99a3b75675d8a8cbe2b8b5d2faea1735cc099'
Finished XLA compilation of jit(_broadcast_arrays) in 0.001721382 sec
Finished tracing + transforming broadcast_in_dim for pjit in 0.000146151 sec
Compiling jit(broadcast_in_dim) with global shapes and types (ShapedArray(int32[420]),). Argument mapping: (UnspecifiedValue,).
Finished jaxpr to MLIR module conversion jit(broadcast_in_dim) in 0.002616405 sec
W0519 02:41:14.305884 1811452 pjrt_executable.cc:642] Assume version compatibility. PjRt-IFRT does not track XLA executable versions.
Persistent compilation cache hit for 'jit_broadcast_in_dim' with key 'jit_broadcast_in_dim-435886f189a0ccf36af7951513a6f015289df892f94b469fbc4c03a4ed91a432'
Finished XLA compilation of jit(broadcast_in_dim) in 0.001706123 sec
Finished tracing + transforming broadcast_in_dim for pjit in 0.000135899 sec
Compiling jit(broadcast_in_dim) with global shapes and types (ShapedArray(int32[420,1]),). Argument mapping: (UnspecifiedValue,).
Finished jaxpr to MLIR module conversion jit(broadcast_in_dim) in 0.002619505 sec
W0519 02:41:14.312298 1811452 pjrt_executable.cc:642] Assume version compatibility. PjRt-IFRT does not track XLA executable versions.
Persistent compilation cache hit for 'jit_broadcast_in_dim' with key 'jit_broadcast_in_dim-35bdd0d79593ff0d04bc3c023dce281ea9c6a17c015ff03b28d8c603876313c6'
Finished XLA compilation of jit(broadcast_in_dim) in 0.002323389 sec
Finished tracing + transforming concatenate for pjit in 0.000155926 sec
Compiling jit(concatenate) with global shapes and types (ShapedArray(int32[30,420,1]), ShapedArray(int32[30,420,1])). Argument mapping: (UnspecifiedValue, UnspecifiedValue).
Finished jaxpr to MLIR module conversion jit(concatenate) in 0.002489090 sec
W0519 02:41:14.318072 1811452 pjrt_executable.cc:642] Assume version compatibility. PjRt-IFRT does not track XLA executable versions.
Persistent compilation cache hit for 'jit_concatenate' with key 'jit_concatenate-58b07e4bf155ad47223ead14808d59312a7b1179f4bff89ade1519acfe49255b'
Finished XLA compilation of jit(concatenate) in 0.001975775 sec
Finished tracing + transforming gather for pjit in 0.000201225 sec
Compiling jit(gather) with global shapes and types (ShapedArray(float32[30,420,3]), ShapedArray(int32[30,420,2])). Argument mapping: (UnspecifiedValue, UnspecifiedValue).
Finished jaxpr to MLIR module conversion jit(gather) in 0.002603292 sec
W0519 02:41:14.324497 1811452 pjrt_executable.cc:642] Assume version compatibility. PjRt-IFRT does not track XLA executable versions.
Persistent compilation cache hit for 'jit_gather' with key 'jit_gather-8582a6c0a00b29ddec1d63c1ee2decd4a19a705d5daa8d571e66f233f1a112ed'
Finished XLA compilation of jit(gather) in 0.001978159 sec
Finished tracing + transforming broadcast_in_dim for pjit in 0.000122786 sec
Compiling jit(broadcast_in_dim) with global shapes and types (ShapedArray(float32[30,420]),). Argument mapping: (UnspecifiedValue,).
Finished jaxpr to MLIR module conversion jit(broadcast_in_dim) in 0.002153158 sec
W0519 02:41:14.330608 1811452 pjrt_executable.cc:642] Assume version compatibility. PjRt-IFRT does not track XLA executable versions.
Persistent compilation cache hit for 'jit_broadcast_in_dim' with key 'jit_broadcast_in_dim-8af0ae41d062a270dcbf48eac076598a177ef3085a07564f439a610baee6fcff'
Finished XLA compilation of jit(broadcast_in_dim) in 0.001718760 sec
Finished tracing + transforming convert_element_type for pjit in 0.000120401 sec
Compiling jit(convert_element_type) with global shapes and types (ShapedArray(bool[420,30]),). Argument mapping: (UnspecifiedValue,).
Finished jaxpr to MLIR module conversion jit(convert_element_type) in 0.002430916 sec
W0519 02:41:14.336264 1811452 pjrt_executable.cc:642] Assume version compatibility. PjRt-IFRT does not track XLA executable versions.
Persistent compilation cache hit for 'jit_convert_element_type' with key 'jit_convert_element_type-9cefd5766108c4b01ebb064fe85508893390ecc687b39053e3f8ee094dddad82'
Finished XLA compilation of jit(convert_element_type) in 0.001810789 sec
Finished tracing + transforming multiply for pjit in 0.000178099 sec
Compiling jit(multiply) with global shapes and types (ShapedArray(float32[30,420]), ShapedArray(float32[420,30])). Argument mapping: (UnspecifiedValue, UnspecifiedValue).
Finished jaxpr to MLIR module conversion jit(multiply) in 0.002848625 sec
W0519 02:41:14.343243 1811452 pjrt_executable.cc:642] Assume version compatibility. PjRt-IFRT does not track XLA executable versions.
Persistent compilation cache hit for 'jit_multiply' with key 'jit_multiply-d1171c0ef858f1522e21c42ce03e2028f4ab2564e3940b141e57e73ffb76e5c2'
Finished XLA compilation of jit(multiply) in 0.002022505 sec
Compiling jit(multiply) with global shapes and types (ShapedArray(float32[30,420]), ShapedArray(float32[30,420])). Argument mapping: (UnspecifiedValue, UnspecifiedValue).
Finished jaxpr to MLIR module conversion jit(multiply) in 0.002584457 sec
W0519 02:41:14.349656 1811452 pjrt_executable.cc:642] Assume version compatibility. PjRt-IFRT does not track XLA executable versions.
Persistent compilation cache hit for 'jit_multiply' with key 'jit_multiply-3f37a975bc4c934047be891a2631042ba09f4d125b9e67ba13f5ee560a2fe71d'
Finished XLA compilation of jit(multiply) in 0.001847982 sec
Finished tracing + transforming _reduce_sum for pjit in 0.000266314 sec
Compiling jit(_reduce_sum) with global shapes and types (ShapedArray(float32[30,420]),). Argument mapping: (UnspecifiedValue,).
Finished jaxpr to MLIR module conversion jit(_reduce_sum) in 0.003075361 sec
W0519 02:41:14.356680 1811452 pjrt_executable.cc:642] Assume version compatibility. PjRt-IFRT does not track XLA executable versions.
Persistent compilation cache hit for 'jit__reduce_sum' with key 'jit__reduce_sum-124b1b2a81057f4cc25e3bc0b0263b38bd5b90064e1541502240255654c9bf12'
Finished XLA compilation of jit(_reduce_sum) in 0.002041340 sec
Finished tracing + transforming isnan for pjit in 0.000137806 sec
Compiling jit(isnan) with global shapes and types (ShapedArray(float32[30]),). Argument mapping: (UnspecifiedValue,).
Finished jaxpr to MLIR module conversion jit(isnan) in 0.002513170 sec
W0519 02:41:14.363091 1811452 pjrt_executable.cc:642] Assume version compatibility. PjRt-IFRT does not track XLA executable versions.
Persistent compilation cache hit for 'jit_isnan' with key 'jit_isnan-d34fb31083a1faeb649afe328dbc80731fa29fc3cd104f6e56dc58f2e086e86d'
Finished XLA compilation of jit(isnan) in 0.002052546 sec
Finished tracing + transforming _where for pjit in 0.000207424 sec
Compiling jit(_where) with global shapes and types (ShapedArray(bool[30]), ShapedArray(float32[], weak_type=True), ShapedArray(float32[30])). Argument mapping: (UnspecifiedValue, UnspecifiedValue, UnspecifiedValue).
Finished jaxpr to MLIR module conversion jit(_where) in 0.003739595 sec
W0519 02:41:14.370990 1811452 pjrt_executable.cc:642] Assume version compatibility. PjRt-IFRT does not track XLA executable versions.
Persistent compilation cache hit for 'jit__where' with key 'jit__where-3726c719296572308043e338cc060c265ddef555dc1948639fa1445d34e357de'
Finished XLA compilation of jit(_where) in 0.001976013 sec
Compiling jit(_where) with global shapes and types (ShapedArray(bool[30]), ShapedArray(float32[30])). Argument mapping: (UnspecifiedValue, UnspecifiedValue).
Finished jaxpr to MLIR module conversion jit(_where) in 0.002579212 sec
W0519 02:41:14.386467 1811452 pjrt_executable.cc:642] Assume version compatibility. PjRt-IFRT does not track XLA executable versions.
Persistent compilation cache hit for 'jit__where' with key 'jit__where-eae7df84386227938421eee40fa24d7b00fa876ef786e481cf747bc457ddecca'
Finished XLA compilation of jit(_where) in 0.002513170 sec
Finished tracing + transforming broadcast_in_dim for pjit in 0.000142097 sec
Compiling jit(broadcast_in_dim) with global shapes and types (ShapedArray(float32[30]),). Argument mapping: (UnspecifiedValue,).
Finished jaxpr to MLIR module conversion jit(broadcast_in_dim) in 0.002537012 sec
W0519 02:41:14.392239 1811452 pjrt_executable.cc:642] Assume version compatibility. PjRt-IFRT does not track XLA executable versions.
Persistent compilation cache hit for 'jit_broadcast_in_dim' with key 'jit_broadcast_in_dim-dd40819dc29a8c164987e1f329e5e58e72822194a5206776d247e855886c204c'
Finished XLA compilation of jit(broadcast_in_dim) in 0.001796246 sec
Finished tracing + transforming mul for pjit in 0.000092745 sec
Compiling jit(mul) with global shapes and types (ShapedArray(float32[30,420]), ShapedArray(float32[30,420])). Argument mapping: (UnspecifiedValue, UnspecifiedValue).
Finished jaxpr to MLIR module conversion jit(mul) in 0.002448797 sec
W0519 02:41:14.397682 1811452 pjrt_executable.cc:642] Assume version compatibility. PjRt-IFRT does not track XLA executable versions.
Persistent compilation cache hit for 'jit_mul' with key 'jit_mul-e40096e792c13ce2cc82d65fc3c83976e9260058c2e81b3dfc8b6b70039a4370'
Finished XLA compilation of jit(mul) in 0.001918554 sec
Finished tracing + transforming convert_element_type for pjit in 0.000095844 sec
Compiling jit(convert_element_type) with global shapes and types (ShapedArray(float32[]),). Argument mapping: (UnspecifiedValue,).
Finished jaxpr to MLIR module conversion jit(convert_element_type) in 0.002156496 sec
W0519 02:41:14.402352 1811452 pjrt_executable.cc:642] Assume version compatibility. PjRt-IFRT does not track XLA executable versions.
Persistent compilation cache hit for 'jit_convert_element_type' with key 'jit_convert_element_type-3a468f3d42d896bb36e7a92707490bfc756d181cfb57eb02b187f539f850d5fd'
Finished XLA compilation of jit(convert_element_type) in 0.001153231 sec
Finished tracing + transforming broadcast_in_dim for pjit in 0.000131845 sec
Compiling jit(broadcast_in_dim) with global shapes and types (ShapedArray(float32[]),). Argument mapping: (UnspecifiedValue,).
Finished jaxpr to MLIR module conversion jit(broadcast_in_dim) in 0.002428293 sec
W0519 02:41:14.407430 1811452 pjrt_executable.cc:642] Assume version compatibility. PjRt-IFRT does not track XLA executable versions.
Persistent compilation cache hit for 'jit_broadcast_in_dim' with key 'jit_broadcast_in_dim-9b7329b95c7e46feda230ee6c035c8791ed0bf3d01a43887203d46686c37d1ab'
Finished XLA compilation of jit(broadcast_in_dim) in 0.001682281 sec
Finished tracing + transforming scatter-add for pjit in 0.000278473 sec
Compiling jit(scatter-add) with global shapes and types (ShapedArray(float32[30,420,3]), ShapedArray(int32[30,420,2]), ShapedArray(float32[30,420])). Argument mapping: (UnspecifiedValue, UnspecifiedValue, UnspecifiedValue).
Finished jaxpr to MLIR module conversion jit(scatter-add) in 0.002731323 sec
W0519 02:41:14.413479 1811452 pjrt_executable.cc:642] Assume version compatibility. PjRt-IFRT does not track XLA executable versions.
Persistent compilation cache hit for 'jit_scatter-add' with key 'jit_scatter-add-89ec02a4b89fc659199d8a2be3e86c87aaf27d40221a8086d2fe423a9e07a097'
Finished XLA compilation of jit(scatter-add) in 0.002134562 sec
Compiling jit(log_softmax) with global shapes and types (ShapedArray(float32[30,420,3]), ShapedArray(float32[30,420,1]), ShapedArray(float32[30,420,3])). Argument mapping: (UnspecifiedValue, UnspecifiedValue, UnspecifiedValue).
Finished jaxpr to MLIR module conversion jit(log_softmax) in 0.003339052 sec
W0519 02:41:14.420536 1811452 pjrt_executable.cc:642] Assume version compatibility. PjRt-IFRT does not track XLA executable versions.
Persistent compilation cache hit for 'jit_log_softmax' with key 'jit_log_softmax-bdb273314aa3e9fbfd28bcb710b84e445b474f6e917987b2624e15383670429c'
Finished XLA compilation of jit(log_softmax) in 0.002161264 sec
Finished tracing + transforming mul for pjit in 0.000092983 sec
Compiling jit(mul) with global shapes and types (ShapedArray(float32[30,420,3]), ShapedArray(float32[30,420,3])). Argument mapping: (UnspecifiedValue, UnspecifiedValue).
Finished jaxpr to MLIR module conversion jit(mul) in 0.002428770 sec
W0519 02:41:14.426117 1811452 pjrt_executable.cc:642] Assume version compatibility. PjRt-IFRT does not track XLA executable versions.
Persistent compilation cache hit for 'jit_mul' with key 'jit_mul-9fee37c7991bc86ec9a155fd1948d1f92657ab3543bcfe4cbc73869c719d6fa4'
Finished XLA compilation of jit(mul) in 0.001742363 sec
Finished tracing + transforming reduce_sum for pjit in 0.000219345 sec
Compiling jit(reduce_sum) with global shapes and types (ShapedArray(float32[30,420,3]),). Argument mapping: (UnspecifiedValue,).
Finished jaxpr to MLIR module conversion jit(reduce_sum) in 0.002526760 sec
W0519 02:41:14.431998 1811452 pjrt_executable.cc:642] Assume version compatibility. PjRt-IFRT does not track XLA executable versions.
Persistent compilation cache hit for 'jit_reduce_sum' with key 'jit_reduce_sum-5c26d3de4cefd5d3914b0d30357b769af2ad2a92ce7e61fe77e114d9a725084c'
Finished XLA compilation of jit(reduce_sum) in 0.002308130 sec
Finished tracing + transforming reshape for pjit in 0.000140190 sec
Compiling jit(reshape) with global shapes and types (ShapedArray(float32[30]),). Argument mapping: (UnspecifiedValue,).
Finished jaxpr to MLIR module conversion jit(reshape) in 0.002418041 sec
W0519 02:41:14.437269 1811452 pjrt_executable.cc:642] Assume version compatibility. PjRt-IFRT does not track XLA executable versions.
Persistent compilation cache hit for 'jit_reshape' with key 'jit_reshape-6120f587219907426bf3341ccbb8f342be267c6a3e3f10f96763aac645e05168'
Finished XLA compilation of jit(reshape) in 0.001564980 sec
Finished tracing + transforming reduce_sum for pjit in 0.000123501 sec
Compiling jit(reduce_sum) with global shapes and types (ShapedArray(float32[30,1,1]),). Argument mapping: (UnspecifiedValue,).
Finished jaxpr to MLIR module conversion jit(reduce_sum) in 0.002494574 sec
W0519 02:41:14.442458 1811452 pjrt_executable.cc:642] Assume version compatibility. PjRt-IFRT does not track XLA executable versions.
Persistent compilation cache hit for 'jit_reduce_sum' with key 'jit_reduce_sum-638d514cd7755acb2e161d026542db1c1d8ccb4449fe58192262de70a7e1a29e'
Finished XLA compilation of jit(reduce_sum) in 0.001680136 sec
Finished tracing + transforming broadcast_in_dim for pjit in 0.000133514 sec
Compiling jit(broadcast_in_dim) with global shapes and types (ShapedArray(float32[30]),). Argument mapping: (UnspecifiedValue,).
Finished jaxpr to MLIR module conversion jit(broadcast_in_dim) in 0.002187967 sec
W0519 02:41:14.447345 1811452 pjrt_executable.cc:642] Assume version compatibility. PjRt-IFRT does not track XLA executable versions.
Persistent compilation cache hit for 'jit_broadcast_in_dim' with key 'jit_broadcast_in_dim-77843f2ff36f446b2f3026941c916cd3af8dee5cf7e2f63b27eec1464f68fdf8'
Finished XLA compilation of jit(broadcast_in_dim) in 0.001654625 sec
Finished tracing + transforming convert_element_type for pjit in 0.000126362 sec
Compiling jit(convert_element_type) with global shapes and types (ShapedArray(float32[30]),). Argument mapping: (UnspecifiedValue,).
Finished jaxpr to MLIR module conversion jit(convert_element_type) in 0.002410173 sec
W0519 02:41:14.452504 1811452 pjrt_executable.cc:642] Assume version compatibility. PjRt-IFRT does not track XLA executable versions.
Persistent compilation cache hit for 'jit_convert_element_type' with key 'jit_convert_element_type-8a3646b65c0bb60d2b5264f403ff884e2b615fe6c77e79b4f663e715ac509dab'
Finished XLA compilation of jit(convert_element_type) in 0.001639605 sec
Finished tracing + transforming mul for pjit in 0.000094175 sec
Compiling jit(mul) with global shapes and types (ShapedArray(float32[30,1,1]), ShapedArray(float32[30,420,3])). Argument mapping: (UnspecifiedValue, UnspecifiedValue).
Finished jaxpr to MLIR module conversion jit(mul) in 0.002472401 sec
W0519 02:41:14.457639 1811452 pjrt_executable.cc:642] Assume version compatibility. PjRt-IFRT does not track XLA executable versions.
Persistent compilation cache hit for 'jit_mul' with key 'jit_mul-c8facc4b7113aea0b87b86cfc5fec78b355b8267211a0669222bdeb18b3424d6'
Finished XLA compilation of jit(mul) in 0.001836777 sec
Finished tracing + transforming split for pjit in 0.000190973 sec
Compiling jit(split) with global shapes and types (ShapedArray(float32[30,420,3]),). Argument mapping: (UnspecifiedValue,).
Finished jaxpr to MLIR module conversion jit(split) in 0.002501249 sec
W0519 02:41:14.464123 1811452 pjrt_executable.cc:642] Assume version compatibility. PjRt-IFRT does not track XLA executable versions.
Persistent compilation cache hit for 'jit_split' with key 'jit_split-a0ea542555230723e9f0efa5420e604f1d96dc89f8e76841c59fe859ec466c14'
Finished XLA compilation of jit(split) in 0.002166271 sec
Finished tracing + transforming reduce_sum for pjit in 0.000089407 sec
Compiling jit(reduce_sum) with global shapes and types (ShapedArray(float32[30,420,1]),). Argument mapping: (UnspecifiedValue,).
Finished jaxpr to MLIR module conversion jit(reduce_sum) in 0.002560854 sec
W0519 02:41:14.469779 1811452 pjrt_executable.cc:642] Assume version compatibility. PjRt-IFRT does not track XLA executable versions.
Persistent compilation cache hit for 'jit_reduce_sum' with key 'jit_reduce_sum-f6a016265d55dc5c94fa4fec537b4ae5bb5027ab8e56f478d0b17b5cdd53eb90'
Finished XLA compilation of jit(reduce_sum) in 0.001656771 sec
Finished tracing + transforming broadcast_in_dim for pjit in 0.000095844 sec
Compiling jit(broadcast_in_dim) with global shapes and types (ShapedArray(float32[30,420]),). Argument mapping: (UnspecifiedValue,).
Finished jaxpr to MLIR module conversion jit(broadcast_in_dim) in 0.002192974 sec
W0519 02:41:14.474019 1811452 pjrt_executable.cc:642] Assume version compatibility. PjRt-IFRT does not track XLA executable versions.
Persistent compilation cache hit for 'jit_broadcast_in_dim' with key 'jit_broadcast_in_dim-8af0ae41d062a270dcbf48eac076598a177ef3085a07564f439a610baee6fcff'
Finished XLA compilation of jit(broadcast_in_dim) in 0.001074314 sec
Finished tracing + transforming transpose for pjit in 0.000129461 sec
Compiling jit(transpose) with global shapes and types (ShapedArray(float32[30,420]),). Argument mapping: (UnspecifiedValue,).
Finished jaxpr to MLIR module conversion jit(transpose) in 0.002474308 sec
W0519 02:41:14.480743 1811452 pjrt_executable.cc:642] Assume version compatibility. PjRt-IFRT does not track XLA executable versions.
Persistent compilation cache hit for 'jit_transpose' with key 'jit_transpose-f1ea926138a4db6a5f82f6974392e8009d9388637921423e57f9ed1db3e28f75'
Finished XLA compilation of jit(transpose) in 0.001874924 sec
Finished tracing + transforming convert_element_type for pjit in 0.000096083 sec
Compiling jit(convert_element_type) with global shapes and types (ShapedArray(float32[], weak_type=True),). Argument mapping: (UnspecifiedValue,).
Finished jaxpr to MLIR module conversion jit(convert_element_type) in 0.002210617 sec
W0519 02:41:14.486989 1811452 pjrt_executable.cc:642] Assume version compatibility. PjRt-IFRT does not track XLA executable versions.
Persistent compilation cache hit for 'jit_convert_element_type' with key 'jit_convert_element_type-3a468f3d42d896bb36e7a92707490bfc756d181cfb57eb02b187f539f850d5fd'
Finished XLA compilation of jit(convert_element_type) in 0.001068115 sec
Finished tracing + transforming scan for pjit in 0.000472546 sec
Compiling jit(scan) with global shapes and types (ShapedArray(float32[30]), ShapedArray(float32[30]), ShapedArray(float32[30], weak_type=True), ShapedArray(float32[30]), ShapedArray(float32[30]), ShapedArray(float32[30], weak_type=True), ShapedArray(float32[30]), ShapedArray(float32[30]), ShapedArray(float32[30], weak_type=True), ShapedArray(float32[420,30]), ShapedArray(float32[420,30]), ShapedArray(float32[420,30]), ShapedArray(float32[420,30], weak_type=True), ShapedArray(float32[420,30], weak_type=True), ShapedArray(float32[420]), ShapedArray(bool[420,30]), ShapedArray(float32[420,30], weak_type=True), ShapedArray(float32[420,30]), ShapedArray(float32[420,30], weak_type=True), ShapedArray(float32[420,30], weak_type=True), ShapedArray(bool[420,30]), ShapedArray(float32[420,30], weak_type=True), ShapedArray(float32[420,30]), ShapedArray(float32[420,30], weak_type=True), ShapedArray(float32[420,30], weak_type=True), ShapedArray(bool[420,30]), ShapedArray(float32[420,30], weak_type=True), ShapedArray(float32[420,30]), ShapedArray(float32[420,30]), ShapedArray(float32[420,30]), ShapedArray(float32[420,30]), ShapedArray(float32[420,30]), ShapedArray(float32[420,30]), ShapedArray(float32[420,30]), ShapedArray(float32[420,30]), ShapedArray(float32[420,30]), ShapedArray(float32[420,30]), ShapedArray(float32[420,30]), ShapedArray(float32[420,30]), ShapedArray(float32[420,30]), ShapedArray(float32[420,30]), ShapedArray(float32[420,30]), ShapedArray(float32[420,30]), ShapedArray(float32[420,30]), ShapedArray(float32[420,30]), ShapedArray(float32[420,30]), ShapedArray(float32[420,30]), ShapedArray(float32[420,30]), ShapedArray(float32[420,30]), ShapedArray(bool[420,30]), ShapedArray(float32[420,30], weak_type=True), ShapedArray(float32[420,30]), ShapedArray(float32[420,30], weak_type=True), ShapedArray(float32[420,30]), ShapedArray(bool[420,30]), ShapedArray(float32[420,30]), ShapedArray(float32[420,30]), ShapedArray(bool[420,30]), ShapedArray(int32[420,30]), ShapedArray(float32[420,30]), ShapedArray(float32[420,30]), ShapedArray(float32[420,30]), ShapedArray(float32[420,30]), ShapedArray(float32[420,30]), ShapedArray(float32[420,30]), ShapedArray(float32[420,30]), ShapedArray(bool[420,30]), ShapedArray(float32[420,30], weak_type=True), ShapedArray(float32[420,30]), ShapedArray(float32[420,30], weak_type=True), ShapedArray(float32[420,30]), ShapedArray(bool[420,30]), ShapedArray(float32[420,30]), ShapedArray(float32[420,30]), ShapedArray(bool[420,30]), ShapedArray(int32[420,30]), ShapedArray(float32[420,30]), ShapedArray(float32[420,30]), ShapedArray(float32[420,30]), ShapedArray(float32[420,30]), ShapedArray(float32[420,30]), ShapedArray(float32[420,30]), ShapedArray(float32[420,30]), ShapedArray(bool[420,30]), ShapedArray(float32[420,30], weak_type=True), ShapedArray(float32[420,30]), ShapedArray(float32[420,30], weak_type=True), ShapedArray(float32[420,30]), ShapedArray(bool[420,30]), ShapedArray(float32[420,30]), ShapedArray(float32[420,30]), ShapedArray(bool[420,30]), ShapedArray(int32[420,30]), ShapedArray(float32[420,30]), ShapedArray(float32[420,30]), ShapedArray(float32[420,30]), ShapedArray(float32[420,30]), ShapedArray(float32[420,30]), ShapedArray(float32[420,30]), ShapedArray(float32[420,30]), ShapedArray(bool[420,30])). Argument mapping: (UnspecifiedValue, UnspecifiedValue, UnspecifiedValue, UnspecifiedValue, UnspecifiedValue, UnspecifiedValue, UnspecifiedValue, UnspecifiedValue, UnspecifiedValue, UnspecifiedValue, UnspecifiedValue, UnspecifiedValue, UnspecifiedValue, UnspecifiedValue, UnspecifiedValue, UnspecifiedValue, UnspecifiedValue, UnspecifiedValue, UnspecifiedValue, UnspecifiedValue, UnspecifiedValue, UnspecifiedValue, UnspecifiedValue, UnspecifiedValue, UnspecifiedValue, UnspecifiedValue, UnspecifiedValue, UnspecifiedValue, UnspecifiedValue, UnspecifiedValue, UnspecifiedValue, UnspecifiedValue, UnspecifiedValue, UnspecifiedValue, UnspecifiedValue, UnspecifiedValue, UnspecifiedValue, UnspecifiedValue, UnspecifiedValue, UnspecifiedValue, UnspecifiedValue, UnspecifiedValue, UnspecifiedValue, UnspecifiedValue, UnspecifiedValue, UnspecifiedValue, UnspecifiedValue, UnspecifiedValue, UnspecifiedValue, UnspecifiedValue, UnspecifiedValue, UnspecifiedValue, UnspecifiedValue, UnspecifiedValue, UnspecifiedValue, UnspecifiedValue, UnspecifiedValue, UnspecifiedValue, UnspecifiedValue, UnspecifiedValue, UnspecifiedValue, UnspecifiedValue, UnspecifiedValue, UnspecifiedValue, UnspecifiedValue, UnspecifiedValue, UnspecifiedValue, UnspecifiedValue, UnspecifiedValue, UnspecifiedValue, UnspecifiedValue, UnspecifiedValue, UnspecifiedValue, UnspecifiedValue, UnspecifiedValue, UnspecifiedValue, UnspecifiedValue, UnspecifiedValue, UnspecifiedValue, UnspecifiedValue, UnspecifiedValue, UnspecifiedValue, UnspecifiedValue, UnspecifiedValue, UnspecifiedValue, UnspecifiedValue, UnspecifiedValue, UnspecifiedValue, UnspecifiedValue, UnspecifiedValue, UnspecifiedValue, UnspecifiedValue, UnspecifiedValue, UnspecifiedValue, UnspecifiedValue, UnspecifiedValue, UnspecifiedValue, UnspecifiedValue, UnspecifiedValue, UnspecifiedValue, UnspecifiedValue).
Finished tracing + transforming subtract for pjit in 0.000220060 sec
Finished jaxpr to MLIR module conversion jit(scan) in 0.058626175 sec
W0519 02:41:14.593962 1811452 pjrt_executable.cc:642] Assume version compatibility. PjRt-IFRT does not track XLA executable versions.
Persistent compilation cache hit for 'jit_scan' with key 'jit_scan-6b813946cfcc6ca951cb0786d04b132fca5f3bd9fb94a9392c05da051c7b01cf'
Finished XLA compilation of jit(scan) in 0.024766445 sec
Finished tracing + transforming add for pjit in 0.000178814 sec
Compiling jit(add) with global shapes and types (ShapedArray(float32[30], weak_type=True), ShapedArray(float32[30], weak_type=True)). Argument mapping: (UnspecifiedValue, UnspecifiedValue).
Finished jaxpr to MLIR module conversion jit(add) in 0.002457142 sec
W0519 02:41:14.626678 1811452 pjrt_executable.cc:642] Assume version compatibility. PjRt-IFRT does not track XLA executable versions.
Persistent compilation cache hit for 'jit_add' with key 'jit_add-03c0080e9365992d7020c2fa30ba0c07e2d0a5abc9e3638357ac7f5294c7a6f8'
Finished XLA compilation of jit(add) in 0.001884460 sec
Finished tracing + transforming mul for pjit in 0.000093937 sec
Compiling jit(mul) with global shapes and types (ShapedArray(float32[], weak_type=True), ShapedArray(float32[30], weak_type=True)). Argument mapping: (UnspecifiedValue, UnspecifiedValue).
Finished jaxpr to MLIR module conversion jit(mul) in 0.001951456 sec
W0519 02:41:14.631664 1811452 pjrt_executable.cc:642] Assume version compatibility. PjRt-IFRT does not track XLA executable versions.
Persistent compilation cache hit for 'jit_mul' with key 'jit_mul-e624589afdd4d1e329ed8242ffb1cf3cf60bb7bd4ef0db303588ed065a5e6cec'
Finished XLA compilation of jit(mul) in 0.001210690 sec
Finished tracing + transforming mul for pjit in 0.000090361 sec
Compiling jit(mul) with global shapes and types (ShapedArray(float32[30], weak_type=True), ShapedArray(float32[30])). Argument mapping: (UnspecifiedValue, UnspecifiedValue).
Finished jaxpr to MLIR module conversion jit(mul) in 0.002008915 sec
W0519 02:41:14.636718 1811452 pjrt_executable.cc:642] Assume version compatibility. PjRt-IFRT does not track XLA executable versions.
Persistent compilation cache hit for 'jit_mul' with key 'jit_mul-5604c04ec99970352af194839f885e4110557a51617a5362f3bd8cc6a46d0ff7'
Finished XLA compilation of jit(mul) in 0.001935482 sec
Finished tracing + transforming div for pjit in 0.000133276 sec
Compiling jit(div) with global shapes and types (ShapedArray(float32[30]), ShapedArray(float32[], weak_type=True)). Argument mapping: (UnspecifiedValue, UnspecifiedValue).
Finished jaxpr to MLIR module conversion jit(div) in 0.002430677 sec
W0519 02:41:14.641989 1811452 pjrt_executable.cc:642] Assume version compatibility. PjRt-IFRT does not track XLA executable versions.
Persistent compilation cache hit for 'jit_div' with key 'jit_div-bb48514631f0bf91877a838ea1b7d7264767e28a656af074bcf537a141b21ba8'
Finished XLA compilation of jit(div) in 0.001633644 sec
Finished tracing + transforming add for pjit in 0.000127554 sec
Compiling jit(add) with global shapes and types (ShapedArray(float32[30], weak_type=True), ShapedArray(float32[30])). Argument mapping: (UnspecifiedValue, UnspecifiedValue).
Finished jaxpr to MLIR module conversion jit(add) in 0.001916885 sec
W0519 02:41:14.646212 1811452 pjrt_executable.cc:642] Assume version compatibility. PjRt-IFRT does not track XLA executable versions.
Persistent compilation cache hit for 'jit_add' with key 'jit_add-03c0080e9365992d7020c2fa30ba0c07e2d0a5abc9e3638357ac7f5294c7a6f8'
Finished XLA compilation of jit(add) in 0.001093388 sec
Finished tracing + transforming mul for pjit in 0.000101089 sec
Compiling jit(mul) with global shapes and types (ShapedArray(float32[30], weak_type=True), ShapedArray(float32[30], weak_type=True)). Argument mapping: (UnspecifiedValue, UnspecifiedValue).
Finished jaxpr to MLIR module conversion jit(mul) in 0.002400637 sec
W0519 02:41:14.652896 1811452 pjrt_executable.cc:642] Assume version compatibility. PjRt-IFRT does not track XLA executable versions.
Persistent compilation cache hit for 'jit_mul' with key 'jit_mul-5604c04ec99970352af194839f885e4110557a51617a5362f3bd8cc6a46d0ff7'
Finished XLA compilation of jit(mul) in 0.001291037 sec
Finished tracing + transforming add for pjit in 0.000128984 sec
Compiling jit(add) with global shapes and types (ShapedArray(float32[30]), ShapedArray(float32[30], weak_type=True)). Argument mapping: (UnspecifiedValue, UnspecifiedValue).
Finished jaxpr to MLIR module conversion jit(add) in 0.002521753 sec
W0519 02:41:14.657731 1811452 pjrt_executable.cc:642] Assume version compatibility. PjRt-IFRT does not track XLA executable versions.
Persistent compilation cache hit for 'jit_add' with key 'jit_add-03c0080e9365992d7020c2fa30ba0c07e2d0a5abc9e3638357ac7f5294c7a6f8'
Finished XLA compilation of jit(add) in 0.001232624 sec
Finished tracing + transforming broadcast_in_dim for pjit in 0.000142574 sec
Compiling jit(broadcast_in_dim) with global shapes and types (ShapedArray(float32[]),). Argument mapping: (UnspecifiedValue,).
Finished jaxpr to MLIR module conversion jit(broadcast_in_dim) in 0.002268791 sec
W0519 02:41:14.663717 1811452 pjrt_executable.cc:642] Assume version compatibility. PjRt-IFRT does not track XLA executable versions.
Persistent compilation cache hit for 'jit_broadcast_in_dim' with key 'jit_broadcast_in_dim-a05e49682fe9624e363527c40b22518570d3f723187944256a1bd78ef6f5088e'
Finished XLA compilation of jit(broadcast_in_dim) in 0.001978874 sec
Finished tracing + transforming _threefry_split_foldlike for pjit in 0.000498056 sec
Finished tracing + transforming _threefry_split for pjit in 0.000823259 sec
Compiling jit(_threefry_split) with global shapes and types (ShapedArray(uint32[2]),). Argument mapping: (UnspecifiedValue,).
Finished tracing + transforming add for pjit in 0.000253677 sec
Finished tracing + transforming add for pjit in 0.000262022 sec
Finished tracing + transforming bitwise_or for pjit in 0.000244856 sec
Finished tracing + transforming bitwise_xor for pjit in 0.000247240 sec
Finished jaxpr to MLIR module conversion jit(_threefry_split) in 0.012678623 sec
W0519 02:41:14.681425 1811452 pjrt_executable.cc:642] Assume version compatibility. PjRt-IFRT does not track XLA executable versions.
Persistent compilation cache hit for 'jit__threefry_split' with key 'jit__threefry_split-583c97988ea41fecb5f0fc176736b5e3e8969fc4533ec8b6dff762828580f7b3'
Finished XLA compilation of jit(_threefry_split) in 0.004253864 sec
Finished tracing + transforming convert_element_type for pjit in 0.000134945 sec
Compiling jit(convert_element_type) with global shapes and types (ShapedArray(int32[10,2]),). Argument mapping: (UnspecifiedValue,).
Finished jaxpr to MLIR module conversion jit(convert_element_type) in 0.002015829 sec
W0519 02:41:14.688407 1811452 pjrt_executable.cc:642] Assume version compatibility. PjRt-IFRT does not track XLA executable versions.
Persistent compilation cache hit for 'jit_convert_element_type' with key 'jit_convert_element_type-545e93e1c08ddb9029be3519e7eb2db42d3af7c88d9a40945e5e545ca5c9ae95'
Finished XLA compilation of jit(convert_element_type) in 0.001686096 sec
Finished tracing + transforming iota for pjit in 0.000117540 sec
Compiling jit(iota) with global shapes and types (). Argument mapping: ().
Finished jaxpr to MLIR module conversion jit(iota) in 0.002391815 sec
W0519 02:41:14.693632 1811452 pjrt_executable.cc:642] Assume version compatibility. PjRt-IFRT does not track XLA executable versions.
Persistent compilation cache hit for 'jit_iota' with key 'jit_iota-a900498c20a0fd7e4c0ba8aba0bc7906a2a984422e8e711835a3a9baca12c20d'
Finished XLA compilation of jit(iota) in 0.001767874 sec
Finished tracing + transforming sqrt for pjit in 0.000166893 sec
Finished tracing + transforming true_divide for pjit in 0.000201464 sec
Finished tracing + transforming subtract for pjit in 0.000137568 sec
Finished tracing + transforming multiply for pjit in 0.000138760 sec
Finished tracing + transforming add for pjit in 0.199344873 sec
Finished tracing + transforming _uniform for pjit in 0.200988531 sec
Finished tracing + transforming _normal_real for pjit in 0.201552153 sec
Finished tracing + transforming _normal for pjit in 0.201804161 sec
Finished tracing + transforming linear_map for pjit in 0.000177145 sec
Finished tracing + transforming add for pjit in 0.000182390 sec
Finished tracing + transforming negative for pjit in 0.000109434 sec
Finished tracing + transforming dot for pjit in 0.000237465 sec
Finished tracing + transforming invert for pjit in 0.000122786 sec
Finished tracing + transforming bitwise_and for pjit in 0.000132322 sec
Finished tracing + transforming greater for pjit in 0.000157595 sec
Finished tracing + transforming _where for pjit in 0.000147581 sec
Finished tracing + transforming _where for pjit in 0.000346422 sec
Finished tracing + transforming _power for pjit in 0.001816988 sec
Finished tracing + transforming minimum for pjit in 0.000235558 sec
Finished tracing + transforming less for pjit in 0.000138521 sec
Finished tracing + transforming multiply for pjit in 0.000128984 sec
Finished tracing + transforming multiply for pjit in 0.000239134 sec
Finished tracing + transforming add for pjit in 0.000148296 sec
Finished tracing + transforming add for pjit in 0.000143290 sec
Finished tracing + transforming exp for pjit in 0.000133038 sec
Finished tracing + transforming subtract for pjit in 0.000169277 sec
Finished tracing + transforming true_divide for pjit in 0.000191450 sec
Finished tracing + transforming subtract for pjit in 0.000110626 sec
Finished tracing + transforming predict_mean for pjit in 0.000294924 sec
Finished tracing + transforming predict_precision for pjit in 0.001349926 sec
Finished tracing + transforming continuous_node_prediction for pjit in 0.003396034 sec
Finished tracing + transforming predict_mean for pjit in 0.000266075 sec
Finished tracing + transforming predict_precision for pjit in 0.000517368 sec
Finished tracing + transforming continuous_node_prediction for pjit in 0.002429247 sec
Finished tracing + transforming predict_mean for pjit in 0.000268459 sec
Finished tracing + transforming predict_precision for pjit in 0.000626564 sec
Finished tracing + transforming continuous_node_prediction for pjit in 0.002429962 sec
Finished tracing + transforming binary_state_node_prediction for pjit in 0.000601292 sec
Finished tracing + transforming binary_state_node_prediction for pjit in 0.000572443 sec
Finished tracing + transforming binary_state_node_prediction for pjit in 0.000564575 sec
Finished tracing + transforming set_observation for pjit in 0.000349522 sec
Finished tracing + transforming set_observation for pjit in 0.000347376 sec
Finished tracing + transforming set_observation for pjit in 0.000587463 sec
Finished tracing + transforming binary_state_node_prediction_error for pjit in 0.000526428 sec
Finished tracing + transforming binary_state_node_prediction_error for pjit in 0.000513792 sec
Finished tracing + transforming binary_state_node_prediction_error for pjit in 0.000924826 sec
Finished tracing + transforming precision_update for pjit in 0.000691891 sec
Finished tracing + transforming precision_update_missing_values for pjit in 0.000428677 sec
Finished tracing + transforming posterior_update_precision_continuous_node for pjit in 0.003706932 sec
Finished tracing + transforming posterior_update_mean_continuous_node for pjit in 0.000544071 sec
Finished tracing + transforming continuous_node_posterior_update for pjit in 0.005774975 sec
Finished tracing + transforming precision_update for pjit in 0.000663757 sec
Finished tracing + transforming precision_update_missing_values for pjit in 0.000453949 sec
Finished tracing + transforming posterior_update_precision_continuous_node for pjit in 0.003626823 sec
Finished tracing + transforming posterior_update_mean_continuous_node for pjit in 0.000538111 sec
Finished tracing + transforming continuous_node_posterior_update for pjit in 0.005718470 sec
Finished tracing + transforming precision_update for pjit in 0.000657320 sec
Finished tracing + transforming precision_update_missing_values for pjit in 0.000453949 sec
Finished tracing + transforming posterior_update_precision_continuous_node for pjit in 0.003616810 sec
Finished tracing + transforming posterior_update_mean_continuous_node for pjit in 0.000525951 sec
Finished tracing + transforming continuous_node_posterior_update for pjit in 0.005683661 sec
Finished tracing + transforming beliefs_propagation for pjit in 0.046724081 sec
Finished tracing + transforming predict_mean for pjit in 0.000730515 sec
Finished tracing + transforming predict_precision for pjit in 0.000590324 sec
Finished tracing + transforming continuous_node_prediction for pjit in 0.003032446 sec
Finished tracing + transforming predict_mean for pjit in 0.000344992 sec
Finished tracing + transforming predict_precision for pjit in 0.000509024 sec
Finished tracing + transforming continuous_node_prediction for pjit in 0.002393246 sec
Finished tracing + transforming predict_mean for pjit in 0.000262260 sec
Finished tracing + transforming predict_precision for pjit in 0.000595808 sec
Finished tracing + transforming continuous_node_prediction for pjit in 0.002378464 sec
Finished tracing + transforming binary_state_node_prediction for pjit in 0.001066923 sec
Finished tracing + transforming binary_state_node_prediction for pjit in 0.000571012 sec
Finished tracing + transforming binary_state_node_prediction for pjit in 0.000980377 sec
Finished tracing + transforming set_observation for pjit in 0.000354290 sec
Finished tracing + transforming set_observation for pjit in 0.000345945 sec
Finished tracing + transforming set_observation for pjit in 0.000347614 sec
Finished tracing + transforming beliefs_propagation for pjit in 0.024785042 sec
Finished tracing + transforming multiply for pjit in 0.000249386 sec
Finished tracing + transforming greater for pjit in 0.000168800 sec
Finished tracing + transforming add for pjit in 0.000122786 sec
Finished tracing + transforming logaddexp for pjit in 0.000509024 sec
Finished tracing + transforming right_shift for pjit in 0.000167131 sec
Finished tracing + transforming absolute for pjit in 0.000672340 sec
Finished tracing + transforming abs for pjit in 0.000876904 sec
Finished tracing + transforming bitwise_count for pjit in 0.001213789 sec
Finished tracing + transforming invert for pjit in 0.000103951 sec
Finished tracing + transforming bitwise_and for pjit in 0.000138998 sec
Finished tracing + transforming subtract for pjit in 0.000212669 sec
Finished tracing + transforming add for pjit in 0.000123024 sec
Finished tracing + transforming _squeeze for pjit in 0.000054598 sec
Finished tracing + transforming greater_equal for pjit in 0.000147104 sec
Finished tracing + transforming subtract for pjit in 0.000150681 sec
Finished tracing + transforming add for pjit in 0.000392675 sec
Finished tracing + transforming subtract for pjit in 0.000131607 sec
Finished tracing + transforming true_divide for pjit in 0.000184059 sec
Finished tracing + transforming less_equal for pjit in 0.000176668 sec
Finished tracing + transforming bitwise_or for pjit in 0.000135899 sec
Finished tracing + transforming logaddexp for pjit in 0.000443459 sec
Finished tracing + transforming subtract for pjit in 0.000126839 sec
Finished tracing + transforming minimum for pjit in 0.000149727 sec
Finished tracing + transforming clip for pjit in 0.000395298 sec
Finished tracing + transforming subtract for pjit in 0.000133038 sec
Finished tracing + transforming _power for pjit in 0.000186920 sec
Finished tracing + transforming true_divide for pjit in 0.000281572 sec
Finished tracing + transforming subtract for pjit in 0.000166655 sec
Finished tracing + transforming sqrt for pjit in 0.000109673 sec
Finished tracing + transforming true_divide for pjit in 0.000104666 sec
Finished tracing + transforming add for pjit in 0.000141621 sec
Finished tracing + transforming subtract for pjit in 0.000151396 sec
Finished tracing + transforming multiply for pjit in 0.000106335 sec
Finished tracing + transforming not_equal for pjit in 0.000139952 sec
Finished tracing + transforming multiply for pjit in 0.000128508 sec
Finished tracing + transforming add for pjit in 0.000164270 sec
Finished tracing + transforming scan for pjit in 0.000690699 sec
Compiling jit(scan) with global shapes and types (ShapedArray(float32[]), ShapedArray(float32[30,420,3]), ShapedArray(int32[30,420,3]), ShapedArray(float32[1]), ShapedArray(float32[1]), ShapedArray(float32[1]), ShapedArray(float32[1]), ShapedArray(float32[1]), ShapedArray(float32[1]), ShapedArray(int32[1]), ShapedArray(int32[30,420]), ShapedArray(float32[30,420]), ShapedArray(float32[30], weak_type=True), ShapedArray(float32[30], weak_type=True), ShapedArray(float32[30], weak_type=True), ShapedArray(float32[]), ShapedArray(float32[30]), ShapedArray(float32[30]), ShapedArray(float32[30]), ShapedArray(float32[], weak_type=True), ShapedArray(float32[], weak_type=True), ShapedArray(int32[], weak_type=True), ShapedArray(float32[], weak_type=True), ShapedArray(float32[], weak_type=True), ShapedArray(float32[90]), ShapedArray(float32[90]), ShapedArray(float32[90]), ShapedArray(int32[], weak_type=True), ShapedArray(float32[], weak_type=True), ShapedArray(float32[90]), ShapedArray(uint32[10,2]), ShapedArray(int32[10,2])). Argument mapping: (UnspecifiedValue, UnspecifiedValue, UnspecifiedValue, UnspecifiedValue, UnspecifiedValue, UnspecifiedValue, UnspecifiedValue, UnspecifiedValue, UnspecifiedValue, UnspecifiedValue, UnspecifiedValue, UnspecifiedValue, UnspecifiedValue, UnspecifiedValue, UnspecifiedValue, UnspecifiedValue, UnspecifiedValue, UnspecifiedValue, UnspecifiedValue, UnspecifiedValue, UnspecifiedValue, UnspecifiedValue, UnspecifiedValue, UnspecifiedValue, UnspecifiedValue, UnspecifiedValue, UnspecifiedValue, UnspecifiedValue, UnspecifiedValue, UnspecifiedValue, UnspecifiedValue, UnspecifiedValue).
Finished tracing + transforming add for pjit in 0.000172615 sec
Finished tracing + transforming add for pjit in 0.000147820 sec
Finished tracing + transforming bitwise_or for pjit in 0.000132799 sec
Finished tracing + transforming bitwise_xor for pjit in 0.000133991 sec
Finished tracing + transforming bitwise_xor for pjit in 0.000231743 sec
Finished tracing + transforming add for pjit in 0.000243187 sec
Finished tracing + transforming add for pjit in 0.000147820 sec
Finished tracing + transforming bitwise_or for pjit in 0.000145912 sec
Finished tracing + transforming bitwise_and for pjit in 0.000146627 sec
Finished tracing + transforming _threefry_seed for pjit in 0.000709772 sec
Finished tracing + transforming ravel for pjit in 0.000081778 sec
Finished tracing + transforming threefry_2x32 for pjit in 0.001022816 sec
Finished tracing + transforming _threefry_fold_in for pjit in 0.002374172 sec
Finished tracing + transforming add for pjit in 0.000215054 sec
Finished tracing + transforming add for pjit in 0.000231504 sec
Finished tracing + transforming bitwise_or for pjit in 0.000235319 sec
Finished tracing + transforming bitwise_xor for pjit in 0.000227690 sec
Finished tracing + transforming _threefry_split_foldlike for pjit in 0.000391483 sec
Finished tracing + transforming _threefry_split for pjit in 0.000675201 sec
Finished tracing + transforming add for pjit in 0.000213861 sec
Finished tracing + transforming bitwise_or for pjit in 0.000141144 sec
Finished jaxpr to MLIR module conversion jit(scan) in 0.260083914 sec
W0519 02:41:16.326649 1811452 pjrt_executable.cc:642] Assume version compatibility. PjRt-IFRT does not track XLA executable versions.
Persistent compilation cache hit for 'jit_scan' with key 'jit_scan-1476efa2f9394fc0bd66f94c81d568eb8e44f5fec9dba8c601ec315c2d5d8df7'
Finished XLA compilation of jit(scan) in 0.287830114 sec
Compiling jit(exp) with global shapes and types (ShapedArray(float32[], weak_type=True),). Argument mapping: (UnspecifiedValue,).
Finished jaxpr to MLIR module conversion jit(exp) in 0.004651785 sec
W0519 02:41:25.452062 1811452 pjrt_executable.cc:642] Assume version compatibility. PjRt-IFRT does not track XLA executable versions.
Persistent compilation cache hit for 'jit_exp' with key 'jit_exp-ce3af6cb7098df7df264caea839eed9802431dd6af8277c7d0e2c6adaf5d23b9'
Finished XLA compilation of jit(exp) in 0.002530575 sec
Finished tracing + transforming add for pjit in 0.000252962 sec
Finished tracing + transforming sample_loop_vmap for pjit in 1.201813936 sec
Compiling jit(sample_loop_vmap) with global shapes and types (ShapedArray(float32[30], weak_type=True), ShapedArray(float32[30], weak_type=True), ShapedArray(float32[30], weak_type=True), ShapedArray(float32[90]), ShapedArray(float32[], weak_type=True), ShapedArray(uint32[2]), ShapedArray(float32[30,420,3]), ShapedArray(int32[30,420,3]), ShapedArray(int32[30,420]), ShapedArray(float32[30,420])). Argument mapping: (UnspecifiedValue, UnspecifiedValue, UnspecifiedValue, UnspecifiedValue, UnspecifiedValue, UnspecifiedValue, UnspecifiedValue, UnspecifiedValue, UnspecifiedValue, UnspecifiedValue).
Finished tracing + transforming _threefry_split_foldlike for pjit in 0.000740290 sec
Finished tracing + transforming _threefry_split for pjit in 0.001127243 sec
Finished tracing + transforming bitwise_xor for pjit in 0.000195503 sec
Finished tracing + transforming bitwise_xor for pjit in 0.000166416 sec
Finished tracing + transforming add for pjit in 0.000164986 sec
Finished tracing + transforming add for pjit in 0.000151157 sec
Finished tracing + transforming bitwise_or for pjit in 0.000151873 sec
Finished tracing + transforming bitwise_xor for pjit in 0.000160933 sec
Finished tracing + transforming add for pjit in 0.000161648 sec
Finished tracing + transforming add for pjit in 0.000151396 sec
Finished tracing + transforming add for pjit in 0.000214815 sec
Finished tracing + transforming add for pjit in 0.000257015 sec
Finished tracing + transforming bitwise_or for pjit in 0.000292063 sec
Finished tracing + transforming bitwise_xor for pjit in 0.000179052 sec
Finished tracing + transforming add for pjit in 0.000200987 sec
Finished tracing + transforming add for pjit in 0.000191927 sec
Finished tracing + transforming add for pjit in 0.000167131 sec
Finished tracing + transforming bitwise_or for pjit in 0.000160694 sec
Finished tracing + transforming add for pjit in 0.000154495 sec
Finished tracing + transforming add for pjit in 0.000163078 sec
Finished tracing + transforming add for pjit in 0.000158548 sec
Finished tracing + transforming bitwise_or for pjit in 0.000143528 sec
Finished tracing + transforming bitwise_xor for pjit in 0.000148535 sec
Finished tracing + transforming add for pjit in 0.000159264 sec
Finished tracing + transforming add for pjit in 0.000133753 sec
Finished tracing + transforming bitwise_xor for pjit in 0.000189066 sec
Finished tracing + transforming add for pjit in 0.000176430 sec
Finished jaxpr to MLIR module conversion jit(sample_loop_vmap) in 0.430232525 sec
W0519 02:41:27.132228 1811452 pjrt_executable.cc:642] Assume version compatibility. PjRt-IFRT does not track XLA executable versions.
Persistent compilation cache hit for 'jit_sample_loop_vmap' with key 'jit_sample_loop_vmap-12f6e85e0305e233d1cf37d6b113d8aebfc78d76cc385d1d41a01c07b259d225'
Finished XLA compilation of jit(sample_loop_vmap) in 0.481339216 sec
Finished tracing + transforming transpose for pjit in 0.000391483 sec
Compiling jit(transpose) with global shapes and types (ShapedArray(float32[10,2,30]),). Argument mapping: (UnspecifiedValue,).
Finished jaxpr to MLIR module conversion jit(transpose) in 0.002696753 sec
W0519 02:41:39.504653 1811452 pjrt_executable.cc:642] Assume version compatibility. PjRt-IFRT does not track XLA executable versions.
Persistent compilation cache hit for 'jit_transpose' with key 'jit_transpose-4a7366bf72283ba5ddc61bea5f049c4b5fa9922e177c6fa9fc601161782916f3'
Finished XLA compilation of jit(transpose) in 0.002308607 sec
Finished tracing + transforming transpose for pjit in 0.000170946 sec
Compiling jit(transpose) with global shapes and types (ShapedArray(bool[10,2]),). Argument mapping: (UnspecifiedValue,).
Finished jaxpr to MLIR module conversion jit(transpose) in 0.001963377 sec
W0519 02:41:39.510125 1811452 pjrt_executable.cc:642] Assume version compatibility. PjRt-IFRT does not track XLA executable versions.
Persistent compilation cache hit for 'jit_transpose' with key 'jit_transpose-5f047c79f349a600e20662592de69aa5e306f719ba3d08a7bb0f1edabe09794b'
Finished XLA compilation of jit(transpose) in 0.010933638 sec
Finished tracing + transforming transpose for pjit in 0.000176907 sec
Compiling jit(transpose) with global shapes and types (ShapedArray(float32[10,2]),). Argument mapping: (UnspecifiedValue,).
Finished jaxpr to MLIR module conversion jit(transpose) in 0.002109766 sec
W0519 02:41:39.524499 1811452 pjrt_executable.cc:642] Assume version compatibility. PjRt-IFRT does not track XLA executable versions.
Persistent compilation cache hit for 'jit_transpose' with key 'jit_transpose-17015f1a3892f17aba7a0a7f782562092be93e5360a7f7bdbfca7b1ec16fb2d5'
Finished XLA compilation of jit(transpose) in 0.001786232 sec
Finished tracing + transforming transpose for pjit in 0.000164747 sec
Compiling jit(transpose) with global shapes and types (ShapedArray(int32[10,2], weak_type=True),). Argument mapping: (UnspecifiedValue,).
Finished jaxpr to MLIR module conversion jit(transpose) in 0.001934052 sec
W0519 02:41:39.529277 1811452 pjrt_executable.cc:642] Assume version compatibility. PjRt-IFRT does not track XLA executable versions.
Persistent compilation cache hit for 'jit_transpose' with key 'jit_transpose-971fc6d0a57b88dfe7137ee6d0aa5fe1403b098eb310767fa46c9407a4e8f27f'
Finished XLA compilation of jit(transpose) in 0.001681805 sec
Finished tracing + transforming scan for pjit in 0.001303911 sec
Compiling jit(scan) with global shapes and types (ShapedArray(float32[], weak_type=True), ShapedArray(float32[], weak_type=True), ShapedArray(float32[], weak_type=True), ShapedArray(float32[]), ShapedArray(int32[], weak_type=True), ShapedArray(float32[], weak_type=True), ShapedArray(float32[], weak_type=True), ShapedArray(float32[1]), ShapedArray(float32[], weak_type=True), ShapedArray(float32[], weak_type=True), ShapedArray(float32[], weak_type=True), ShapedArray(float32[], weak_type=True), ShapedArray(int32[], weak_type=True), ShapedArray(float32[], weak_type=True), ShapedArray(float32[], weak_type=True), ShapedArray(float32[], weak_type=True), ShapedArray(float32[], weak_type=True), ShapedArray(float32[], weak_type=True), ShapedArray(float32[], weak_type=True), ShapedArray(float32[], weak_type=True), ShapedArray(float32[1]), ShapedArray(float32[1]), ShapedArray(float32[], weak_type=True), ShapedArray(float32[], weak_type=True), ShapedArray(float32[]), ShapedArray(int32[], weak_type=True), ShapedArray(float32[], weak_type=True), ShapedArray(float32[], weak_type=True), ShapedArray(float32[1]), ShapedArray(float32[], weak_type=True), ShapedArray(float32[], weak_type=True), ShapedArray(float32[], weak_type=True), ShapedArray(float32[], weak_type=True), ShapedArray(int32[], weak_type=True), ShapedArray(float32[], weak_type=True), ShapedArray(float32[], weak_type=True), ShapedArray(float32[], weak_type=True), ShapedArray(float32[], weak_type=True), ShapedArray(float32[], weak_type=True), ShapedArray(float32[], weak_type=True), ShapedArray(float32[], weak_type=True), ShapedArray(float32[1]), ShapedArray(float32[1]), ShapedArray(float32[], weak_type=True), ShapedArray(float32[], weak_type=True), ShapedArray(float32[]), ShapedArray(int32[], weak_type=True), ShapedArray(float32[], weak_type=True), ShapedArray(float32[], weak_type=True), ShapedArray(float32[1]), ShapedArray(float32[], weak_type=True), ShapedArray(float32[], weak_type=True), ShapedArray(float32[], weak_type=True), ShapedArray(float32[], weak_type=True), ShapedArray(int32[], weak_type=True), ShapedArray(float32[], weak_type=True), ShapedArray(float32[], weak_type=True), ShapedArray(float32[], weak_type=True), ShapedArray(float32[], weak_type=True), ShapedArray(float32[], weak_type=True), ShapedArray(float32[], weak_type=True), ShapedArray(float32[], weak_type=True), ShapedArray(float32[1]), ShapedArray(float32[1]), ShapedArray(float32[], weak_type=True), ShapedArray(float32[], weak_type=True), ShapedArray(float32[], weak_type=True), ShapedArray(float32[], weak_type=True), ShapedArray(int32[], weak_type=True), ShapedArray(float32[], weak_type=True), ShapedArray(float32[], weak_type=True), ShapedArray(float32[], weak_type=True), ShapedArray(float32[], weak_type=True), ShapedArray(float32[], weak_type=True), ShapedArray(float32[], weak_type=True), ShapedArray(float32[], weak_type=True), ShapedArray(float32[3]), ShapedArray(float32[1,1]), ShapedArray(float32[1,1]), ShapedArray(float32[1,1]), ShapedArray(int32[1]), ShapedArray(int32[1]), ShapedArray(int32[1]), ShapedArray(float32[1])). Argument mapping: (UnspecifiedValue, UnspecifiedValue, UnspecifiedValue, UnspecifiedValue, UnspecifiedValue, UnspecifiedValue, UnspecifiedValue, UnspecifiedValue, UnspecifiedValue, UnspecifiedValue, UnspecifiedValue, UnspecifiedValue, UnspecifiedValue, UnspecifiedValue, UnspecifiedValue, UnspecifiedValue, UnspecifiedValue, UnspecifiedValue, UnspecifiedValue, UnspecifiedValue, UnspecifiedValue, UnspecifiedValue, UnspecifiedValue, UnspecifiedValue, UnspecifiedValue, UnspecifiedValue, UnspecifiedValue, UnspecifiedValue, UnspecifiedValue, UnspecifiedValue, UnspecifiedValue, UnspecifiedValue, UnspecifiedValue, UnspecifiedValue, UnspecifiedValue, UnspecifiedValue, UnspecifiedValue, UnspecifiedValue, UnspecifiedValue, UnspecifiedValue, UnspecifiedValue, UnspecifiedValue, UnspecifiedValue, UnspecifiedValue, UnspecifiedValue, UnspecifiedValue, UnspecifiedValue, UnspecifiedValue, UnspecifiedValue, UnspecifiedValue, UnspecifiedValue, UnspecifiedValue, UnspecifiedValue, UnspecifiedValue, UnspecifiedValue, UnspecifiedValue, UnspecifiedValue, UnspecifiedValue, UnspecifiedValue, UnspecifiedValue, UnspecifiedValue, UnspecifiedValue, UnspecifiedValue, UnspecifiedValue, UnspecifiedValue, UnspecifiedValue, UnspecifiedValue, UnspecifiedValue, UnspecifiedValue, UnspecifiedValue, UnspecifiedValue, UnspecifiedValue, UnspecifiedValue, UnspecifiedValue, UnspecifiedValue, UnspecifiedValue, UnspecifiedValue, UnspecifiedValue, UnspecifiedValue, UnspecifiedValue, UnspecifiedValue, UnspecifiedValue, UnspecifiedValue, UnspecifiedValue).
Finished jaxpr to MLIR module conversion jit(scan) in 0.075408220 sec
W0519 02:41:39.799115 1811452 pjrt_executable.cc:642] Assume version compatibility. PjRt-IFRT does not track XLA executable versions.
Persistent compilation cache hit for 'jit_scan' with key 'jit_scan-495b07415cadde0b95825e352fa337db72f4413101312235f2184f30a010e23a'
Finished XLA compilation of jit(scan) in 0.011728048 sec
Finished tracing + transforming scan for pjit in 0.000752449 sec
Compiling jit(scan) with global shapes and types (ShapedArray(float32[30]), ShapedArray(float32[30]), ShapedArray(float32[30], weak_type=True), ShapedArray(float32[30], weak_type=True), ShapedArray(float32[30], weak_type=True), ShapedArray(float32[30]), ShapedArray(float32[30]), ShapedArray(float32[30], weak_type=True), ShapedArray(float32[30], weak_type=True), ShapedArray(float32[30,1]), ShapedArray(float32[30], weak_type=True), ShapedArray(float32[30], weak_type=True), ShapedArray(float32[30], weak_type=True), ShapedArray(float32[30], weak_type=True), ShapedArray(int32[30], weak_type=True), ShapedArray(float32[30], weak_type=True), ShapedArray(float32[30], weak_type=True), ShapedArray(float32[30], weak_type=True), ShapedArray(float32[30], weak_type=True), ShapedArray(float32[30], weak_type=True), ShapedArray(float32[30], weak_type=True), ShapedArray(float32[30]), ShapedArray(float32[30,1]), ShapedArray(float32[30,1]), ShapedArray(float32[30], weak_type=True), ShapedArray(float32[30], weak_type=True), ShapedArray(float32[30]), ShapedArray(float32[30]), ShapedArray(float32[30], weak_type=True), ShapedArray(float32[30], weak_type=True), ShapedArray(float32[30,1]), ShapedArray(float32[30], weak_type=True), ShapedArray(float32[30], weak_type=True), ShapedArray(float32[30], weak_type=True), ShapedArray(float32[30], weak_type=True), ShapedArray(int32[30], weak_type=True), ShapedArray(float32[30], weak_type=True), ShapedArray(float32[30], weak_type=True), ShapedArray(float32[30], weak_type=True), ShapedArray(float32[30], weak_type=True), ShapedArray(float32[30], weak_type=True), ShapedArray(float32[30], weak_type=True), ShapedArray(float32[30]), ShapedArray(float32[30,1]), ShapedArray(float32[30,1]), ShapedArray(float32[30], weak_type=True), ShapedArray(float32[30], weak_type=True), ShapedArray(float32[30]), ShapedArray(float32[30]), ShapedArray(float32[30], weak_type=True), ShapedArray(float32[30], weak_type=True), ShapedArray(float32[30,1]), ShapedArray(float32[30], weak_type=True), ShapedArray(float32[30], weak_type=True), ShapedArray(float32[30], weak_type=True), ShapedArray(float32[30], weak_type=True), ShapedArray(int32[30], weak_type=True), ShapedArray(float32[30], weak_type=True), ShapedArray(float32[30], weak_type=True), ShapedArray(float32[30], weak_type=True), ShapedArray(float32[30], weak_type=True), ShapedArray(float32[30], weak_type=True), ShapedArray(float32[30], weak_type=True), ShapedArray(float32[30]), ShapedArray(float32[30,1]), ShapedArray(float32[30,1]), ShapedArray(float32[30], weak_type=True), ShapedArray(float32[30], weak_type=True), ShapedArray(float32[30], weak_type=True), ShapedArray(float32[30], weak_type=True), ShapedArray(int32[30], weak_type=True), ShapedArray(float32[30], weak_type=True), ShapedArray(float32[30], weak_type=True), ShapedArray(float32[30], weak_type=True), ShapedArray(float32[30], weak_type=True), ShapedArray(float32[30], weak_type=True), ShapedArray(float32[30], weak_type=True), ShapedArray(float32[30]), ShapedArray(float32[30,3]), ShapedArray(uint32[30,2]), ShapedArray(int32[30]), ShapedArray(float32[420,30,3])). Argument mapping: (UnspecifiedValue, UnspecifiedValue, UnspecifiedValue, UnspecifiedValue, UnspecifiedValue, UnspecifiedValue, UnspecifiedValue, UnspecifiedValue, UnspecifiedValue, UnspecifiedValue, UnspecifiedValue, UnspecifiedValue, UnspecifiedValue, UnspecifiedValue, UnspecifiedValue, UnspecifiedValue, UnspecifiedValue, UnspecifiedValue, UnspecifiedValue, UnspecifiedValue, UnspecifiedValue, UnspecifiedValue, UnspecifiedValue, UnspecifiedValue, UnspecifiedValue, UnspecifiedValue, UnspecifiedValue, UnspecifiedValue, UnspecifiedValue, UnspecifiedValue, UnspecifiedValue, UnspecifiedValue, UnspecifiedValue, UnspecifiedValue, UnspecifiedValue, UnspecifiedValue, UnspecifiedValue, UnspecifiedValue, UnspecifiedValue, UnspecifiedValue, UnspecifiedValue, UnspecifiedValue, UnspecifiedValue, UnspecifiedValue, UnspecifiedValue, UnspecifiedValue, UnspecifiedValue, UnspecifiedValue, UnspecifiedValue, UnspecifiedValue, UnspecifiedValue, UnspecifiedValue, UnspecifiedValue, UnspecifiedValue, UnspecifiedValue, UnspecifiedValue, UnspecifiedValue, UnspecifiedValue, UnspecifiedValue, UnspecifiedValue, UnspecifiedValue, UnspecifiedValue, UnspecifiedValue, UnspecifiedValue, UnspecifiedValue, UnspecifiedValue, UnspecifiedValue, UnspecifiedValue, UnspecifiedValue, UnspecifiedValue, UnspecifiedValue, UnspecifiedValue, UnspecifiedValue, UnspecifiedValue, UnspecifiedValue, UnspecifiedValue, UnspecifiedValue, UnspecifiedValue, UnspecifiedValue, UnspecifiedValue, UnspecifiedValue, UnspecifiedValue).
Finished jaxpr to MLIR module conversion jit(scan) in 0.148307562 sec
W0519 02:41:40.054416 1811452 pjrt_executable.cc:642] Assume version compatibility. PjRt-IFRT does not track XLA executable versions.
Persistent compilation cache hit for 'jit_scan' with key 'jit_scan-15548996ee33ad1c68d5e2266f4000d2307d9a19c0a1a726d425580f78e8e63e'
Finished XLA compilation of jit(scan) in 0.049403429 sec
Finished tracing + transforming scan for pjit in 0.001093626 sec
Compiling jit(scan) with global shapes and types (ShapedArray(float32[], weak_type=True), ShapedArray(float32[], weak_type=True), ShapedArray(float32[], weak_type=True), ShapedArray(float32[]), ShapedArray(int32[], weak_type=True), ShapedArray(float32[], weak_type=True), ShapedArray(float32[], weak_type=True), ShapedArray(float32[1]), ShapedArray(float32[], weak_type=True), ShapedArray(float32[], weak_type=True), ShapedArray(float32[], weak_type=True), ShapedArray(float32[], weak_type=True), ShapedArray(int32[], weak_type=True), ShapedArray(float32[], weak_type=True), ShapedArray(float32[], weak_type=True), ShapedArray(float32[], weak_type=True), ShapedArray(float32[], weak_type=True), ShapedArray(float32[], weak_type=True), ShapedArray(float32[], weak_type=True), ShapedArray(float32[], weak_type=True), ShapedArray(float32[1]), ShapedArray(float32[], weak_type=True), ShapedArray(float32[], weak_type=True), ShapedArray(float32[]), ShapedArray(int32[], weak_type=True), ShapedArray(float32[], weak_type=True), ShapedArray(float32[], weak_type=True), ShapedArray(float32[1]), ShapedArray(float32[], weak_type=True), ShapedArray(float32[], weak_type=True), ShapedArray(float32[], weak_type=True), ShapedArray(float32[], weak_type=True), ShapedArray(int32[], weak_type=True), ShapedArray(float32[], weak_type=True), ShapedArray(float32[], weak_type=True), ShapedArray(float32[], weak_type=True), ShapedArray(float32[], weak_type=True), ShapedArray(float32[], weak_type=True), ShapedArray(float32[], weak_type=True), ShapedArray(float32[], weak_type=True), ShapedArray(float32[1]), ShapedArray(float32[], weak_type=True), ShapedArray(float32[], weak_type=True), ShapedArray(float32[]), ShapedArray(int32[], weak_type=True), ShapedArray(float32[], weak_type=True), ShapedArray(float32[], weak_type=True), ShapedArray(float32[1]), ShapedArray(float32[], weak_type=True), ShapedArray(float32[], weak_type=True), ShapedArray(float32[], weak_type=True), ShapedArray(float32[], weak_type=True), ShapedArray(int32[], weak_type=True), ShapedArray(float32[], weak_type=True), ShapedArray(float32[], weak_type=True), ShapedArray(float32[], weak_type=True), ShapedArray(float32[], weak_type=True), ShapedArray(float32[], weak_type=True), ShapedArray(float32[], weak_type=True), ShapedArray(float32[], weak_type=True), ShapedArray(float32[1]), ShapedArray(float32[420,1]), ShapedArray(float32[420,1]), ShapedArray(float32[420,1]), ShapedArray(int32[420]), ShapedArray(int32[420]), ShapedArray(int32[420]), ShapedArray(float32[420])). Argument mapping: (UnspecifiedValue, UnspecifiedValue, UnspecifiedValue, UnspecifiedValue, UnspecifiedValue, UnspecifiedValue, UnspecifiedValue, UnspecifiedValue, UnspecifiedValue, UnspecifiedValue, UnspecifiedValue, UnspecifiedValue, UnspecifiedValue, UnspecifiedValue, UnspecifiedValue, UnspecifiedValue, UnspecifiedValue, UnspecifiedValue, UnspecifiedValue, UnspecifiedValue, UnspecifiedValue, UnspecifiedValue, UnspecifiedValue, UnspecifiedValue, UnspecifiedValue, UnspecifiedValue, UnspecifiedValue, UnspecifiedValue, UnspecifiedValue, UnspecifiedValue, UnspecifiedValue, UnspecifiedValue, UnspecifiedValue, UnspecifiedValue, UnspecifiedValue, UnspecifiedValue, UnspecifiedValue, UnspecifiedValue, UnspecifiedValue, UnspecifiedValue, UnspecifiedValue, UnspecifiedValue, UnspecifiedValue, UnspecifiedValue, UnspecifiedValue, UnspecifiedValue, UnspecifiedValue, UnspecifiedValue, UnspecifiedValue, UnspecifiedValue, UnspecifiedValue, UnspecifiedValue, UnspecifiedValue, UnspecifiedValue, UnspecifiedValue, UnspecifiedValue, UnspecifiedValue, UnspecifiedValue, UnspecifiedValue, UnspecifiedValue, UnspecifiedValue, UnspecifiedValue, UnspecifiedValue, UnspecifiedValue, UnspecifiedValue, UnspecifiedValue, UnspecifiedValue, UnspecifiedValue).
Finished jaxpr to MLIR module conversion jit(scan) in 0.047290564 sec
W0519 02:41:41.515106 1811452 pjrt_executable.cc:642] Assume version compatibility. PjRt-IFRT does not track XLA executable versions.
Persistent compilation cache hit for 'jit_scan' with key 'jit_scan-6f1678ae5579024acc120c0e797e43691e16ec45686eb69ef3689024712c19da'
Finished XLA compilation of jit(scan) in 0.032684803 sec
Finished tracing + transforming sample_loop_vmap for pjit in 1.087874413 sec
Compiling jit(sample_loop_vmap) with global shapes and types (ShapedArray(float32[30], weak_type=True), ShapedArray(float32[30], weak_type=True), ShapedArray(float32[30], weak_type=True), ShapedArray(float32[90]), ShapedArray(float32[], weak_type=True), ShapedArray(uint32[2]), ShapedArray(float32[30,420,3]), ShapedArray(int32[30,420,3]), ShapedArray(int32[30,420]), ShapedArray(float32[30,420])). Argument mapping: (UnspecifiedValue, UnspecifiedValue, UnspecifiedValue, UnspecifiedValue, UnspecifiedValue, UnspecifiedValue, UnspecifiedValue, UnspecifiedValue, UnspecifiedValue, UnspecifiedValue).
Finished jaxpr to MLIR module conversion jit(sample_loop_vmap) in 0.415814400 sec
W0519 02:41:43.140284 1811452 pjrt_executable.cc:642] Assume version compatibility. PjRt-IFRT does not track XLA executable versions.
Persistent compilation cache hit for 'jit_sample_loop_vmap' with key 'jit_sample_loop_vmap-12f6e85e0305e233d1cf37d6b113d8aebfc78d76cc385d1d41a01c07b259d225'
Finished XLA compilation of jit(sample_loop_vmap) in 0.461194515 sec
Finished tracing + transforming scan for pjit in 0.001101017 sec
Compiling jit(scan) with global shapes and types (ShapedArray(float32[], weak_type=True), ShapedArray(float32[], weak_type=True), ShapedArray(float32[], weak_type=True), ShapedArray(float32[]), ShapedArray(int32[], weak_type=True), ShapedArray(float32[], weak_type=True), ShapedArray(float32[], weak_type=True), ShapedArray(float32[1]), ShapedArray(float32[], weak_type=True), ShapedArray(float32[], weak_type=True), ShapedArray(float32[], weak_type=True), ShapedArray(float32[], weak_type=True), ShapedArray(int32[], weak_type=True), ShapedArray(float32[], weak_type=True), ShapedArray(float32[], weak_type=True), ShapedArray(float32[], weak_type=True), ShapedArray(float32[], weak_type=True), ShapedArray(float32[], weak_type=True), ShapedArray(float32[], weak_type=True), ShapedArray(float32[], weak_type=True), ShapedArray(float32[1]), ShapedArray(float32[], weak_type=True), ShapedArray(float32[], weak_type=True), ShapedArray(float32[]), ShapedArray(int32[], weak_type=True), ShapedArray(float32[], weak_type=True), ShapedArray(float32[], weak_type=True), ShapedArray(float32[1]), ShapedArray(float32[], weak_type=True), ShapedArray(float32[], weak_type=True), ShapedArray(float32[], weak_type=True), ShapedArray(float32[], weak_type=True), ShapedArray(int32[], weak_type=True), ShapedArray(float32[], weak_type=True), ShapedArray(float32[], weak_type=True), ShapedArray(float32[], weak_type=True), ShapedArray(float32[], weak_type=True), ShapedArray(float32[], weak_type=True), ShapedArray(float32[], weak_type=True), ShapedArray(float32[], weak_type=True), ShapedArray(float32[1]), ShapedArray(float32[], weak_type=True), ShapedArray(float32[], weak_type=True), ShapedArray(float32[]), ShapedArray(int32[], weak_type=True), ShapedArray(float32[], weak_type=True), ShapedArray(float32[], weak_type=True), ShapedArray(float32[1]), ShapedArray(float32[], weak_type=True), ShapedArray(float32[], weak_type=True), ShapedArray(float32[], weak_type=True), ShapedArray(float32[], weak_type=True), ShapedArray(int32[], weak_type=True), ShapedArray(float32[], weak_type=True), ShapedArray(float32[], weak_type=True), ShapedArray(float32[], weak_type=True), ShapedArray(float32[], weak_type=True), ShapedArray(float32[], weak_type=True), ShapedArray(float32[], weak_type=True), ShapedArray(float32[], weak_type=True), ShapedArray(float32[1]), ShapedArray(float32[420,1]), ShapedArray(float32[420,1]), ShapedArray(float32[420,1]), ShapedArray(int32[420]), ShapedArray(int32[420]), ShapedArray(int32[420]), ShapedArray(float32[420])). Argument mapping: (UnspecifiedValue, UnspecifiedValue, UnspecifiedValue, UnspecifiedValue, UnspecifiedValue, UnspecifiedValue, UnspecifiedValue, UnspecifiedValue, UnspecifiedValue, UnspecifiedValue, UnspecifiedValue, UnspecifiedValue, UnspecifiedValue, UnspecifiedValue, UnspecifiedValue, UnspecifiedValue, UnspecifiedValue, UnspecifiedValue, UnspecifiedValue, UnspecifiedValue, UnspecifiedValue, UnspecifiedValue, UnspecifiedValue, UnspecifiedValue, UnspecifiedValue, UnspecifiedValue, UnspecifiedValue, UnspecifiedValue, UnspecifiedValue, UnspecifiedValue, UnspecifiedValue, UnspecifiedValue, UnspecifiedValue, UnspecifiedValue, UnspecifiedValue, UnspecifiedValue, UnspecifiedValue, UnspecifiedValue, UnspecifiedValue, UnspecifiedValue, UnspecifiedValue, UnspecifiedValue, UnspecifiedValue, UnspecifiedValue, UnspecifiedValue, UnspecifiedValue, UnspecifiedValue, UnspecifiedValue, UnspecifiedValue, UnspecifiedValue, UnspecifiedValue, UnspecifiedValue, UnspecifiedValue, UnspecifiedValue, UnspecifiedValue, UnspecifiedValue, UnspecifiedValue, UnspecifiedValue, UnspecifiedValue, UnspecifiedValue, UnspecifiedValue, UnspecifiedValue, UnspecifiedValue, UnspecifiedValue, UnspecifiedValue, UnspecifiedValue, UnspecifiedValue, UnspecifiedValue).
Finished jaxpr to MLIR module conversion jit(scan) in 0.046943426 sec
W0519 02:42:01.921133 1811452 pjrt_executable.cc:642] Assume version compatibility. PjRt-IFRT does not track XLA executable versions.
Persistent compilation cache hit for 'jit_scan' with key 'jit_scan-6f1678ae5579024acc120c0e797e43691e16ec45686eb69ef3689024712c19da'
Finished XLA compilation of jit(scan) in 0.032647133 sec
Finished tracing + transforming sample_loop_vmap for pjit in 1.069060564 sec
Compiling jit(sample_loop_vmap) with global shapes and types (ShapedArray(float32[30], weak_type=True), ShapedArray(float32[30], weak_type=True), ShapedArray(float32[30], weak_type=True), ShapedArray(float32[90]), ShapedArray(float32[], weak_type=True), ShapedArray(uint32[2]), ShapedArray(float32[30,420,3]), ShapedArray(int32[30,420,3]), ShapedArray(int32[30,420]), ShapedArray(float32[30,420])). Argument mapping: (UnspecifiedValue, UnspecifiedValue, UnspecifiedValue, UnspecifiedValue, UnspecifiedValue, UnspecifiedValue, UnspecifiedValue, UnspecifiedValue, UnspecifiedValue, UnspecifiedValue).
Finished jaxpr to MLIR module conversion jit(sample_loop_vmap) in 0.418166161 sec
W0519 02:42:03.532263 1811452 pjrt_executable.cc:642] Assume version compatibility. PjRt-IFRT does not track XLA executable versions.
Persistent compilation cache hit for 'jit_sample_loop_vmap' with key 'jit_sample_loop_vmap-12f6e85e0305e233d1cf37d6b113d8aebfc78d76cc385d1d41a01c07b259d225'
Finished XLA compilation of jit(sample_loop_vmap) in 0.465660810 sec
